,normalization,standardization,image_type,channel_image,image_resize_x,image_resize_y,Image_path,color_ratio
0,False,False,DARTER,ALL,,,/home/durrmeyer/Images/StyleTransferImages/HABITAT_images/PLANTS_cropped_3000x1000_middle_tt_resized_div1_5_52A5711defWB.jpg,0.8572679088770946
1,False,False,DARTER,ALL,,,/home/durrmeyer/Images/StyleTransferImages/HABITAT_images/DETRITUS_cropped_3000x1000_middle_tt_resized_div1_5_52A7724defWB.jpg,0.6485180951921764
2,False,False,DARTER,ALL,,,/home/durrmeyer/Images/StyleTransferImages/HABITAT_images/SAND_Eolmstedi_cropped_3000x1000_middle_tt_resized_div1_5_52A6208defWB.jpg,0.794017908503992
3,False,False,DARTER,ALL,,,/home/durrmeyer/Images/StyleTransferImages/HABITAT_images/GRAVEL_cropped_3000x1000_middle_tt_resized_div1_5_52A5680defWB.jpg,0.7723895830563651
4,False,False,DARTER,ALL,,,/home/durrmeyer/Images/StyleTransferImages/HABITAT_images/BOULDERxSAND_Eolmstedi_cropped_3000x1000_middle_tt_resized_div1_5_52A6174defWB.jpg,0.7598097913223596
5,False,False,DARTER,ALL,,,/home/durrmeyer/Images/StyleTransferImages/HABITAT_images/GRAVELxFLOOR_cropped_3000x1000_middle_tt_resized_div1_5_52A5809defWB.jpg,0.7620028458249718
6,False,False,DARTER,ALL,,,/home/durrmeyer/Images/StyleTransferImages/HABITAT_images/BOULDER_cropped_3000x1000_middle_tt_resized_div1_5_52A5691defWB.jpg,0.816322237081523
7,False,False,DARTER,ALL,,,/home/durrmeyer/Images/StyleTransferImages/HABITAT_images/GRAVELxALGAE_cropped_3000x1000_middle_tt_resized_div1_5_52A5807defWB.jpg,0.7709134341248456
8,False,False,DARTER,ALL,,,/home/durrmeyer/Images/StyleTransferImages/All_layers/BOULDERxFISH03_colorcontrolOFF_1vs1e3_TVlossON_1e-3.png,0.6857775249308145
9,False,False,DARTER,ALL,,,/home/durrmeyer/Images/StyleTransferImages/All_layers/BOULDERxSANDxFISH02_colorcontrolON_1vs1e3_TVlossON_1e-3.png,0.6540161311361063
10,False,False,DARTER,ALL,,,/home/durrmeyer/Images/StyleTransferImages/All_layers/GRAVELxFISH10_colorcontrolON_1vs1e3_TVlossON_1e-3.png,0.7305224534832347
11,False,False,DARTER,ALL,,,/home/durrmeyer/Images/StyleTransferImages/All_layers/BOULDERxFISH02_colorcontrolON_1vs1e3_TVlossON_1e-3.png,0.6386865066876964
12,False,False,DARTER,ALL,,,/home/durrmeyer/Images/StyleTransferImages/All_layers/GRAVELxFISH03_colorcontrolON_1vs1e3_TVlossON_1e-3.png,0.682795442092708
13,False,False,DARTER,ALL,,,/home/durrmeyer/Images/StyleTransferImages/All_layers/BOULDERxFISH04_colorcontrolON_1vs1e3_TVlossON_1e-3.png,0.7682087899656143
14,False,False,DARTER,ALL,,,/home/durrmeyer/Images/StyleTransferImages/All_layers/PLANTSxFISH02_colorcontrolOFF_1vs1e3_TVlossON_1e-3.png,0.6749989314116291
15,False,False,DARTER,ALL,,,/home/durrmeyer/Images/StyleTransferImages/All_layers/PLANTSxFISH01_colorcontrolON_1vs1e3_TVlossON_1e-3.png,0.6700698835776351
16,False,False,DARTER,ALL,,,/home/durrmeyer/Images/StyleTransferImages/All_layers/GRAVELxFISH10_colorcontrolOFF_1vs1e3_TVlossON_1e-3.png,0.7047713583307524
17,False,False,DARTER,ALL,,,/home/durrmeyer/Images/StyleTransferImages/All_layers/DETRITUSxFISH02_colorcontrolON_1vs1e3_TVlossON_1e-3.png,0.7185484394156542
18,False,False,DARTER,ALL,,,/home/durrmeyer/Images/StyleTransferImages/All_layers/GRAVELxFISH01_colorcontrolOFF_1vs1e3_TVlossON_1e-3.png,0.6856140152627155
19,False,False,DARTER,ALL,,,/home/durrmeyer/Images/StyleTransferImages/All_layers/BOULDERxFISH10_colorcontrolOFF_1vs1e3_TVlossON_1e-3.png,0.717055676828492
20,False,False,DARTER,ALL,,,/home/durrmeyer/Images/StyleTransferImages/All_layers/PLANTSxFISH04_colorcontrolOFF_1vs1e3_TVlossON_1e-3.png,0.8398300709014119
21,False,False,DARTER,ALL,,,/home/durrmeyer/Images/StyleTransferImages/All_layers/BOULDERxFISH01_colorcontrolOFF_1vs1e3_TVlossON_1e-3.png,0.704226063576926
22,False,False,DARTER,ALL,,,/home/durrmeyer/Images/StyleTransferImages/All_layers/BOULDERxFISH02_colorcontrolOFF_1vs1e3_TVlossON_1e-3.png,0.6632720961397495
23,False,False,DARTER,ALL,,,/home/durrmeyer/Images/StyleTransferImages/All_layers/PLANTSxFISH01_colorcontrolOFF_1vs1e3_TVlossON_1e-3.png,0.7036443641415979
24,False,False,DARTER,ALL,,,/home/durrmeyer/Images/StyleTransferImages/All_layers/BOULDERxSANDxFISH10_colorcontrolON_1vs1e3_TVlossON_1e-3.png,0.7548048660461446
25,False,False,DARTER,ALL,,,/home/durrmeyer/Images/StyleTransferImages/All_layers/BOULDERxSANDxFISH10_colorcontrolOFF_1vs1e3_TVlossON_1e-3.png,0.6925443170161595
26,False,False,DARTER,ALL,,,/home/durrmeyer/Images/StyleTransferImages/All_layers/BOULDERxSANDxFISH03_colorcontrolON_1vs1e3_TVlossON_1e-3.png,0.7453368319273033
27,False,False,DARTER,ALL,,,/home/durrmeyer/Images/StyleTransferImages/All_layers/SANDxFISH04_colorcontrolOFF_1vs1e3_TVlossON_1e-3.png,0.6110804091084592
28,False,False,DARTER,ALL,,,/home/durrmeyer/Images/StyleTransferImages/All_layers/SANDxFISH01_colorcontrolON_1vs1e3_TVlossON_1e-3.png,0.6242325497881342
29,False,False,DARTER,ALL,,,/home/durrmeyer/Images/StyleTransferImages/All_layers/BOULDERxSANDxFISH01_colorcontrolON_1vs1e3_TVlossON_1e-3.png,0.6903380550068203
30,False,False,DARTER,ALL,,,/home/durrmeyer/Images/StyleTransferImages/All_layers/PLANTSxFISH02_colorcontrolON_1vs1e3_TVlossON_1e-3.png,0.5826054435839926
31,False,False,DARTER,ALL,,,/home/durrmeyer/Images/StyleTransferImages/All_layers/GRAVELxFISH04_colorcontrolON_1vs1e3_TVlossON_1e-3.png,0.7073398033985302
32,False,False,DARTER,ALL,,,/home/durrmeyer/Images/StyleTransferImages/All_layers/BOULDERxSANDxFISH01_colorcontrolOFF_1vs1e3_TVlossON_1e-3.png,0.6497369568484391
33,False,False,DARTER,ALL,,,/home/durrmeyer/Images/StyleTransferImages/All_layers/PLANTSxFISH03_colorcontrolON_1vs1e3_TVlossON_1e-3.png,0.7144264517362559
34,False,False,DARTER,ALL,,,/home/durrmeyer/Images/StyleTransferImages/All_layers/PLANTSxFISH10_colorcontrolOFF_1vs1e3_TVlossON_1e-3.png,0.7073970099502355
35,False,False,DARTER,ALL,,,/home/durrmeyer/Images/StyleTransferImages/All_layers/SANDxFISH02_colorcontrolOFF_1vs1e3_TVlossON_1e-3.png,0.5749304657683284
36,False,False,DARTER,ALL,,,/home/durrmeyer/Images/StyleTransferImages/All_layers/DETRITUSxFISH01_colorcontrolON_1vs1e3_TVlossON_1e-3.png,0.7603237212111442
37,False,False,DARTER,ALL,,,/home/durrmeyer/Images/StyleTransferImages/All_layers/DETRITUSxFISH04_colorcontrolON_1vs1e3_TVlossON_1e-3.png,0.8910786088777257
38,False,False,DARTER,ALL,,,/home/durrmeyer/Images/StyleTransferImages/All_layers/PLANTSxFISH04_colorcontrolON_1vs1e3_TVlossON_1e-3.png,0.8660186664211236
39,False,False,DARTER,ALL,,,/home/durrmeyer/Images/StyleTransferImages/All_layers/BOULDERxSANDxFISH04_colorcontrolON_1vs1e3_TVlossON_1e-3.png,0.8440661013988043
40,False,False,DARTER,ALL,,,/home/durrmeyer/Images/StyleTransferImages/All_layers/SANDxFISH10_colorcontrolOFF_1vs1e3_TVlossON_1e-3.png,0.6040387126565413
41,False,False,DARTER,ALL,,,/home/durrmeyer/Images/StyleTransferImages/All_layers/DETRITUSxFISH10_colorcontrolOFF_1vs1e3_TVlossON_1e-3.png,0.6926196982379459
42,False,False,DARTER,ALL,,,/home/durrmeyer/Images/StyleTransferImages/All_layers/BOULDERxSANDxFISH02_colorcontrolOFF_1vs1e3_TVlossON_1e-3.png,0.624793990900208
43,False,False,DARTER,ALL,,,/home/durrmeyer/Images/StyleTransferImages/All_layers/DETRITUSxFISH03_colorcontrolOFF_1vs1e3_TVlossON_1e-3.png,0.7156838553259133
44,False,False,DARTER,ALL,,,/home/durrmeyer/Images/StyleTransferImages/All_layers/GRAVELxFISH04_colorcontrolOFF_1vs1e3_TVlossON_1e-3.png,0.6707101195793245
45,False,False,DARTER,ALL,,,/home/durrmeyer/Images/StyleTransferImages/All_layers/PLANTSxFISH10_colorcontrolON_1vs1e3_TVlossON_1e-3.png,0.7142809711679653
46,False,False,DARTER,ALL,,,/home/durrmeyer/Images/StyleTransferImages/All_layers/SANDxFISH02_colorcontrolON_1vs1e3_TVlossON_1e-3.png,0.5531442535845683
47,False,False,DARTER,ALL,,,/home/durrmeyer/Images/StyleTransferImages/All_layers/BOULDERxFISH04_colorcontrolOFF_1vs1e3_TVlossON_1e-3.png,0.7109339871342047
48,False,False,DARTER,ALL,,,/home/durrmeyer/Images/StyleTransferImages/All_layers/SANDxFISH03_colorcontrolOFF_1vs1e3_TVlossON_1e-3.png,0.6571089411673211
49,False,False,DARTER,ALL,,,/home/durrmeyer/Images/StyleTransferImages/All_layers/GRAVELxFISH01_colorcontrolON_1vs1e3_TVlossON_1e-3.png,0.6743576287315124
50,False,False,DARTER,ALL,,,/home/durrmeyer/Images/StyleTransferImages/All_layers/SANDxFISH01_colorcontrolOFF_1vs1e3_TVlossON_1e-3.png,0.5466279963132766
51,False,False,DARTER,ALL,,,/home/durrmeyer/Images/StyleTransferImages/All_layers/BOULDERxFISH01_colorcontrolON_1vs1e3_TVlossON_1e-3.png,0.695833928563682
52,False,False,DARTER,ALL,,,/home/durrmeyer/Images/StyleTransferImages/All_layers/DETRITUSxFISH01_colorcontrolOFF_1vs1e3_TVlossON_1e-3.png,0.6764774757036565
53,False,False,DARTER,ALL,,,/home/durrmeyer/Images/StyleTransferImages/All_layers/GRAVELxFISH02_colorcontrolOFF_1vs1e3_TVlossON_1e-3.png,0.6975969778213815
54,False,False,DARTER,ALL,,,/home/durrmeyer/Images/StyleTransferImages/All_layers/GRAVELxFISH03_colorcontrolOFF_1vs1e3_TVlossON_1e-3.png,0.7128935547623988
55,False,False,DARTER,ALL,,,/home/durrmeyer/Images/StyleTransferImages/All_layers/BOULDERxSANDxFISH03_colorcontrolOFF_1vs1e3_TVlossON_1e-3.png,0.722096896477922
56,False,False,DARTER,ALL,,,/home/durrmeyer/Images/StyleTransferImages/All_layers/SANDxFISH04_colorcontrolON_1vs1e3_TVlossON_1e-3.png,0.769700001159186
57,False,False,DARTER,ALL,,,/home/durrmeyer/Images/StyleTransferImages/All_layers/PLANTSxFISH03_colorcontrolOFF_1vs1e3_TVlossON_1e-3.png,0.765114432241093
58,False,False,DARTER,ALL,,,/home/durrmeyer/Images/StyleTransferImages/All_layers/DETRITUSxFISH04_colorcontrolOFF_1vs1e3_TVlossON_1e-3.png,0.6965310608934426
59,False,False,DARTER,ALL,,,/home/durrmeyer/Images/StyleTransferImages/All_layers/GRAVELxFISH02_colorcontrolON_1vs1e3_TVlossON_1e-3.png,0.6350450052936787
60,False,False,DARTER,ALL,,,/home/durrmeyer/Images/StyleTransferImages/All_layers/BOULDERxFISH10_colorcontrolON_1vs1e3_TVlossON_1e-3.png,0.8014028766218624
61,False,False,DARTER,ALL,,,/home/durrmeyer/Images/StyleTransferImages/All_layers/DETRITUSxFISH10_colorcontrolON_1vs1e3_TVlossON_1e-3.png,0.8211288660444783
62,False,False,DARTER,ALL,,,/home/durrmeyer/Images/StyleTransferImages/All_layers/SANDxFISH03_colorcontrolON_1vs1e3_TVlossON_1e-3.png,0.6604830867156295
63,False,False,DARTER,ALL,,,/home/durrmeyer/Images/StyleTransferImages/All_layers/BOULDERxSANDxFISH04_colorcontrolOFF_1vs1e3_TVlossON_1e-3.png,0.7112408043538154
64,False,False,DARTER,ALL,,,/home/durrmeyer/Images/StyleTransferImages/All_layers/DETRITUSxFISH02_colorcontrolOFF_1vs1e3_TVlossON_1e-3.png,0.6880178509254534
65,False,False,DARTER,ALL,,,/home/durrmeyer/Images/StyleTransferImages/All_layers/DETRITUSxFISH03_colorcontrolON_1vs1e3_TVlossON_1e-3.png,0.7992195305654226
66,False,False,DARTER,ALL,,,/home/durrmeyer/Images/StyleTransferImages/All_layers/BOULDERxFISH03_colorcontrolON_1vs1e3_TVlossON_1e-3.png,0.7024722703803262
67,False,False,DARTER,ALL,,,/home/durrmeyer/Images/StyleTransferImages/All_layers/SANDxFISH10_colorcontrolON_1vs1e3_TVlossON_1e-3.png,0.6907900081227665
68,False,False,DARTER,ALL,,,/home/durrmeyer/Images/StyleTransferImages/Layers_3to5/DETRITUSxFISH01_colorcontrolOFF_1vs1e3_TVlossON_1e-3_layers3to5.png,0.639655377179746
69,False,False,DARTER,ALL,,,/home/durrmeyer/Images/StyleTransferImages/Layers_3to5/DETRITUSxFISH02_colorcontrolOFF_1vs1e3_TVlossON_1e-3_layers3to5.png,0.6665274996423312
70,False,False,DARTER,ALL,,,/home/durrmeyer/Images/StyleTransferImages/Layers_3to5/BOULDERxSANDxFISH03_colorcontrolOFF_1vs1e3_TVlossON_1e-3_layers3to5.png,0.6992917347442885
71,False,False,DARTER,ALL,,,/home/durrmeyer/Images/StyleTransferImages/Layers_3to5/GRAVELxFISH01_colorcontrolOFF_1vs1e3_TVlossON_1e-3_layers3to5.png,0.6949137872509649
72,False,False,DARTER,ALL,,,/home/durrmeyer/Images/StyleTransferImages/Layers_3to5/DETRITUSxFISH02_colorcontrolON_1vs1e3_TVlossON_1e-3_layers3to5.png,0.648955552335166
73,False,False,DARTER,ALL,,,/home/durrmeyer/Images/StyleTransferImages/Layers_3to5/PLANTSxFISH02_colorcontrolON_1vs1e3_TVlossON_1e-3_layers3to5.png,0.5305196319371784
74,False,False,DARTER,ALL,,,/home/durrmeyer/Images/StyleTransferImages/Layers_3to5/DETRITUSxFISH10_colorcontrolON_1vs1e3_TVlossON_1e-3_layers3to5.png,0.8113107162546911
75,False,False,DARTER,ALL,,,/home/durrmeyer/Images/StyleTransferImages/Layers_3to5/BOULDERxFISH01_colorcontrolOFF_1vs1e3_TVlossON_1e-3_layers3to5.png,0.7297924980716861
76,False,False,DARTER,ALL,,,/home/durrmeyer/Images/StyleTransferImages/Layers_3to5/SANDxFISH01_colorcontrolON_1vs1e3_TVlossON_1e-3_layers3to5.png,0.5502928911649211
77,False,False,DARTER,ALL,,,/home/durrmeyer/Images/StyleTransferImages/Layers_3to5/GRAVELxFISH02_colorcontrolOFF_1vs1e3_TVlossON_1e-3_layers3to5.png,0.7359172782915779
78,False,False,DARTER,ALL,,,/home/durrmeyer/Images/StyleTransferImages/Layers_3to5/DETRITUSxFISH03_colorcontrolON_1vs1e3_TVlossON_1e-3_layers3to5.png,0.7068252117763038
79,False,False,DARTER,ALL,,,/home/durrmeyer/Images/StyleTransferImages/Layers_3to5/BOULDERxSANDxFISH04_colorcontrolOFF_1vs1e3_TVlossON_1e-3_layers3to5.png,0.8800217162570673
80,False,False,DARTER,ALL,,,/home/durrmeyer/Images/StyleTransferImages/Layers_3to5/DETRITUSxFISH10_colorcontrolOFF_1vs1e3_TVlossON_1e-3_layers3to5.png,0.7106432674155494
81,False,False,DARTER,ALL,,,/home/durrmeyer/Images/StyleTransferImages/Layers_3to5/SANDxFISH03_colorcontrolOFF_1vs1e3_TVlossON_1e-3_layers3to5.png,0.6825593174652612
82,False,False,DARTER,ALL,,,/home/durrmeyer/Images/StyleTransferImages/Layers_3to5/GRAVELxFISH04_colorcontrolON_1vs1e3_TVlossON_1e-3_layers3to5.png,0.8057637205703969
83,False,False,DARTER,ALL,,,/home/durrmeyer/Images/StyleTransferImages/Layers_3to5/BOULDERxSANDxFISH02_colorcontrolOFF_1vs1e3_TVlossON_1e-3_layers3to5.png,0.669940467193239
84,False,False,DARTER,ALL,,,/home/durrmeyer/Images/StyleTransferImages/Layers_3to5/BOULDERxFISH10_colorcontrolOFF_1vs1e3_TVlossON_1e-3_layers3to5.png,0.7995158692778122
85,False,False,DARTER,ALL,,,/home/durrmeyer/Images/StyleTransferImages/Layers_3to5/PLANTSxFISH01_colorcontrolON_1vs1e3_TVlossON_1e-3_layers3to5.png,0.6291044199634865
86,False,False,DARTER,ALL,,,/home/durrmeyer/Images/StyleTransferImages/Layers_3to5/BOULDERxSANDxFISH03_colorcontrolON_1vs1e3_TVlossON_1e-3_layers3to5.png,0.678250309443667
87,False,False,DARTER,ALL,,,/home/durrmeyer/Images/StyleTransferImages/Layers_3to5/GRAVELxFISH10_colorcontrolOFF_1vs1e3_TVlossON_1e-3_layers3to5.png,0.7715227695401126
88,False,False,DARTER,ALL,,,/home/durrmeyer/Images/StyleTransferImages/Layers_3to5/BOULDERxFISH04_colorcontrolON_1vs1e3_TVlossON_1e-3_layers3to5.png,0.8073220821104337
89,False,False,DARTER,ALL,,,/home/durrmeyer/Images/StyleTransferImages/Layers_3to5/PLANTSxFISH02_colorcontrolOFF_1vs1e3_TVlossON_1e-3_layers3to5.png,0.6211411902986358
90,False,False,DARTER,ALL,,,/home/durrmeyer/Images/StyleTransferImages/Layers_3to5/DETRITUSxFISH03_colorcontrolOFF_1vs1e3_TVlossON_1e-3_layers3to5.png,0.6852919489262769
91,False,False,DARTER,ALL,,,/home/durrmeyer/Images/StyleTransferImages/Layers_3to5/GRAVELxFISH02_colorcontrolON_1vs1e3_TVlossON_1e-3_layers3to5.png,0.6195857877255863
92,False,False,DARTER,ALL,,,/home/durrmeyer/Images/StyleTransferImages/Layers_3to5/GRAVELxFISH01_colorcontrolON_1vs1e3_TVlossON_1e-3_layers3to5.png,0.6602834548642352
93,False,False,DARTER,ALL,,,/home/durrmeyer/Images/StyleTransferImages/Layers_3to5/GRAVELxFISH03_colorcontrolOFF_1vs1e3_TVlossON_1e-3_layers3to5.png,0.7685927220008926
94,False,False,DARTER,ALL,,,/home/durrmeyer/Images/StyleTransferImages/Layers_3to5/BOULDERxSANDxFISH02_colorcontrolON_1vs1e3_TVlossON_1e-3_layers3to5.png,0.5649769739846884
95,False,False,DARTER,ALL,,,/home/durrmeyer/Images/StyleTransferImages/Layers_3to5/BOULDERxFISH03_colorcontrolON_1vs1e3_TVlossON_1e-3_layers3to5.png,0.7120383217432616
96,False,False,DARTER,ALL,,,/home/durrmeyer/Images/StyleTransferImages/Layers_3to5/BOULDERxFISH02_colorcontrolON_1vs1e3_TVlossON_1e-3_layers3to5.png,0.6178350352353764
97,False,False,DARTER,ALL,,,/home/durrmeyer/Images/StyleTransferImages/Layers_3to5/GRAVELxFISH04_colorcontrolOFF_1vs1e3_TVlossON_1e-3_layers3to5.png,0.8247534841940852
98,False,False,DARTER,ALL,,,/home/durrmeyer/Images/StyleTransferImages/Layers_3to5/DETRITUSxFISH04_colorcontrolOFF_1vs1e3_TVlossON_1e-3_layers3to5.png,0.7244670092369746
99,False,False,DARTER,ALL,,,/home/durrmeyer/Images/StyleTransferImages/Layers_3to5/PLANTSxFISH04_colorcontrolOFF_1vs1e3_TVlossON_1e-3_layers3to5.png,0.7931754130007168
100,False,False,DARTER,ALL,,,/home/durrmeyer/Images/StyleTransferImages/Layers_3to5/BOULDERxSANDxFISH04_colorcontrolON_1vs1e3_TVlossON_1e-3_layers3to5.png,0.8536495059619307
101,False,False,DARTER,ALL,,,/home/durrmeyer/Images/StyleTransferImages/Layers_3to5/SANDxFISH10_colorcontrolOFF_1vs1e3_TVlossON_1e-3_layers3to5.png,0.6810845150910471
102,False,False,DARTER,ALL,,,/home/durrmeyer/Images/StyleTransferImages/Layers_3to5/PLANTSxFISH10_colorcontrolOFF_1vs1e3_TVlossON_1e-3_layers3to5.png,0.7525086845958208
103,False,False,DARTER,ALL,,,/home/durrmeyer/Images/StyleTransferImages/Layers_3to5/SANDxFISH04_colorcontrolOFF_1vs1e3_TVlossON_1e-3_layers3to5.png,0.8016206346684565
104,False,False,DARTER,ALL,,,/home/durrmeyer/Images/StyleTransferImages/Layers_3to5/PLANTSxFISH03_colorcontrolON_1vs1e3_TVlossON_1e-3_layers3to5.png,0.6363950878133892
105,False,False,DARTER,ALL,,,/home/durrmeyer/Images/StyleTransferImages/Layers_3to5/DETRITUSxFISH04_colorcontrolON_1vs1e3_TVlossON_1e-3_layers3to5.png,0.8178066275521433
106,False,False,DARTER,ALL,,,/home/durrmeyer/Images/StyleTransferImages/Layers_3to5/SANDxFISH01_colorcontrolOFF_1vs1e3_TVlossON_1e-3_layers3to5.png,0.5483685326463783
107,False,False,DARTER,ALL,,,/home/durrmeyer/Images/StyleTransferImages/Layers_3to5/BOULDERxFISH03_colorcontrolOFF_1vs1e3_TVlossON_1e-3_layers3to5.png,0.730788217008623
108,False,False,DARTER,ALL,,,/home/durrmeyer/Images/StyleTransferImages/Layers_3to5/SANDxFISH02_colorcontrolON_1vs1e3_TVlossON_1e-3_layers3to5.png,0.4892924433937554
109,False,False,DARTER,ALL,,,/home/durrmeyer/Images/StyleTransferImages/Layers_3to5/PLANTSxFISH01_colorcontrolOFF_1vs1e3_TVlossON_1e-3_layers3to5.png,0.6661661751068269
110,False,False,DARTER,ALL,,,/home/durrmeyer/Images/StyleTransferImages/Layers_3to5/BOULDERxSANDxFISH10_colorcontrolON_1vs1e3_TVlossON_1e-3_layers3to5.png,0.7606664157502318
111,False,False,DARTER,ALL,,,/home/durrmeyer/Images/StyleTransferImages/Layers_3to5/BOULDERxSANDxFISH10_colorcontrolOFF_1vs1e3_TVlossON_1e-3_layers3to5.png,0.7580560275772421
112,False,False,DARTER,ALL,,,/home/durrmeyer/Images/StyleTransferImages/Layers_3to5/BOULDERxFISH04_colorcontrolOFF_1vs1e3_TVlossON_1e-3_layers3to5.png,0.8242324958600097
113,False,False,DARTER,ALL,,,/home/durrmeyer/Images/StyleTransferImages/Layers_3to5/BOULDERxSANDxFISH01_colorcontrolON_1vs1e3_TVlossON_1e-3_layers3to5.png,0.6635660598257817
114,False,False,DARTER,ALL,,,/home/durrmeyer/Images/StyleTransferImages/Layers_3to5/BOULDERxFISH02_colorcontrolOFF_1vs1e3_TVlossON_1e-3_layers3to5.png,0.6968604805899193
115,False,False,DARTER,ALL,,,/home/durrmeyer/Images/StyleTransferImages/Layers_3to5/BOULDERxFISH01_colorcontrolON_1vs1e3_TVlossON_1e-3_layers3to5.png,0.7100042380680196
116,False,False,DARTER,ALL,,,/home/durrmeyer/Images/StyleTransferImages/Layers_3to5/DETRITUSxFISH01_colorcontrolON_1vs1e3_TVlossON_1e-3_layers3to5.png,0.6874766164174708
117,False,False,DARTER,ALL,,,/home/durrmeyer/Images/StyleTransferImages/Layers_3to5/SANDxFISH03_colorcontrolON_1vs1e3_TVlossON_1e-3_layers3to5.png,0.5890534232765887
118,False,False,DARTER,ALL,,,/home/durrmeyer/Images/StyleTransferImages/Layers_3to5/GRAVELxFISH03_colorcontrolON_1vs1e3_TVlossON_1e-3_layers3to5.png,0.7091274259415047
119,False,False,DARTER,ALL,,,/home/durrmeyer/Images/StyleTransferImages/Layers_3to5/BOULDERxSANDxFISH01_colorcontrolOFF_1vs1e3_TVlossON_1e-3_layers3to5.png,0.6766896639585357
120,False,False,DARTER,ALL,,,/home/durrmeyer/Images/StyleTransferImages/Layers_3to5/SANDxFISH02_colorcontrolOFF_1vs1e3_TVlossON_1e-3_layers3to5.png,0.6140230196852609
121,False,False,DARTER,ALL,,,/home/durrmeyer/Images/StyleTransferImages/Layers_3to5/PLANTSxFISH03_colorcontrolOFF_1vs1e3_TVlossON_1e-3_layers3to5.png,0.6713994623421486
122,False,False,DARTER,ALL,,,/home/durrmeyer/Images/StyleTransferImages/Layers_3to5/SANDxFISH04_colorcontrolON_1vs1e3_TVlossON_1e-3_layers3to5.png,0.7607806431283061
123,False,False,DARTER,ALL,,,/home/durrmeyer/Images/StyleTransferImages/Layers_3to5/PLANTSxFISH10_colorcontrolON_1vs1e3_TVlossON_1e-3_layers3to5.png,0.7391937197499858
124,False,False,DARTER,ALL,,,/home/durrmeyer/Images/StyleTransferImages/Layers_3to5/BOULDERxFISH10_colorcontrolON_1vs1e3_TVlossON_1e-3_layers3to5.png,0.7968915524963681
125,False,False,DARTER,ALL,,,/home/durrmeyer/Images/StyleTransferImages/Layers_3to5/GRAVELxFISH10_colorcontrolON_1vs1e3_TVlossON_1e-3_layers3to5.png,0.7473690128609403
126,False,False,DARTER,ALL,,,/home/durrmeyer/Images/StyleTransferImages/Layers_3to5/SANDxFISH10_colorcontrolON_1vs1e3_TVlossON_1e-3_layers3to5.png,0.6985859480508554
127,False,False,DARTER,ALL,,,/home/durrmeyer/Images/StyleTransferImages/Layers_3to5/PLANTSxFISH04_colorcontrolON_1vs1e3_TVlossON_1e-3_layers3to5.png,0.7819957094556259
128,False,False,DARTER,ALL,,,/home/durrmeyer/Images/StyleTransferImages/Layers_1and2/GRAVELxFISH04_colorcontrolON_1vs1e3_TVlossON_1e-3_layers1and2.png,0.8491565148764808
129,False,False,DARTER,ALL,,,/home/durrmeyer/Images/StyleTransferImages/Layers_1and2/PLANTSxFISH03_colorcontrolON_1vs1e3_TVlossON_1e-3_layers1and2.png,0.7436551047748337
130,False,False,DARTER,ALL,,,/home/durrmeyer/Images/StyleTransferImages/Layers_1and2/GRAVELxFISH01_colorcontrolOFF_1vs1e3_TVlossON_1e-3_layers1and2.png,0.6923183379163438
131,False,False,DARTER,ALL,,,/home/durrmeyer/Images/StyleTransferImages/Layers_1and2/BOULDERxSANDxFISH03_colorcontrolOFF_1vs1e3_TVlossON_1e-3_layers1and2.png,0.663632757168354
132,False,False,DARTER,ALL,,,/home/durrmeyer/Images/StyleTransferImages/Layers_1and2/PLANTSxFISH03_colorcontrolOFF_1vs1e3_TVlossON_1e-3_layers1and2.png,0.7114434195086217
133,False,False,DARTER,ALL,,,/home/durrmeyer/Images/StyleTransferImages/Layers_1and2/GRAVELxFISH02_colorcontrolON_1vs1e3_TVlossON_1e-3_layers1and2.png,0.6162032130873893
134,False,False,DARTER,ALL,,,/home/durrmeyer/Images/StyleTransferImages/Layers_1and2/BOULDERxFISH02_colorcontrolOFF_1vs1e3_TVlossON_1e-3_layers1and2.png,0.4955448084225984
135,False,False,DARTER,ALL,,,/home/durrmeyer/Images/StyleTransferImages/Layers_1and2/DETRITUSxFISH03_colorcontrolOFF_1vs1e3_TVlossON_1e-3_layers1and2.png,0.6166646332276637
136,False,False,DARTER,ALL,,,/home/durrmeyer/Images/StyleTransferImages/Layers_1and2/GRAVELxFISH10_colorcontrolON_1vs1e3_TVlossON_1e-3_layers1and2.png,0.8686427999600664
137,False,False,DARTER,ALL,,,/home/durrmeyer/Images/StyleTransferImages/Layers_1and2/PlantsxFISH10_colorcontrolON_1vs1e3_TVlossON_1e-3_layers1and2.png,0.7764785574762932
138,False,False,DARTER,ALL,,,/home/durrmeyer/Images/StyleTransferImages/Layers_1and2/SANDxFISH04_colorcontrolOFF_1vs1e3_TVlossON_1e-3_layers1and2.png,0.6283405252674088
139,False,False,DARTER,ALL,,,/home/durrmeyer/Images/StyleTransferImages/Layers_1and2/SANDxFISH03_colorcontrolOFF_1vs1e3_TVlossON_1e-3_layers1and2.png,0.6160531308653016
140,False,False,DARTER,ALL,,,/home/durrmeyer/Images/StyleTransferImages/Layers_1and2/BOULDERxSANDxFISH01_colorcontrolOFF_1vs1e3_TVlossON_1e-3_layers1and2.png,0.6425547181833633
141,False,False,DARTER,ALL,,,/home/durrmeyer/Images/StyleTransferImages/Layers_1and2/SANDxFISH04_colorcontrolON_1vs1e3_TVlossON_1e-3_layers1and2.png,0.8155552802782007
142,False,False,DARTER,ALL,,,/home/durrmeyer/Images/StyleTransferImages/Layers_1and2/SANDxFISH03_colorcontrolON_1vs1e3_TVlossON_1e-3_layers1and2.png,0.7203780525981572
143,False,False,DARTER,ALL,,,/home/durrmeyer/Images/StyleTransferImages/Layers_1and2/GRAVELxFISH02_colorcontrolOFF_1vs1e3_TVlossON_1e-3_layers1and2.png,0.6591436016241982
144,False,False,DARTER,ALL,,,/home/durrmeyer/Images/StyleTransferImages/Layers_1and2/DETRITUSxFISH01_colorcontrolON_1vs1e3_TVlossON_1e-3_layers1and2.png,0.8063386452181107
145,False,False,DARTER,ALL,,,/home/durrmeyer/Images/StyleTransferImages/Layers_1and2/BOULDERxSANDxFISH04_colorcontrolOFF_1vs1e3_TVlossON_1e-3_layers1and2.png,0.6972575609693368
146,False,False,DARTER,ALL,,,/home/durrmeyer/Images/StyleTransferImages/Layers_1and2/BOULDERxFISH01_colorcontrolON_1vs1e3_TVlossON_1e-3_layers1and2.png,0.6975075518901761
147,False,False,DARTER,ALL,,,/home/durrmeyer/Images/StyleTransferImages/Layers_1and2/DETRITUSxFISH03_colorcontrolON_1vs1e3_TVlossON_1e-3_layers1and2.png,0.7936582264831761
148,False,False,DARTER,ALL,,,/home/durrmeyer/Images/StyleTransferImages/Layers_1and2/BOULDERxSANDxFISH04_colorcontrolON_1vs1e3_TVlossON_1e-3_layers1and2.png,0.8219361791856594
149,False,False,DARTER,ALL,,,/home/durrmeyer/Images/StyleTransferImages/Layers_1and2/BOULDERxSANDxFISH02_colorcontrolOFF_1vs1e3_TVlossON_1e-3_layers1and2.png,0.5878858222462082
150,False,False,DARTER,ALL,,,/home/durrmeyer/Images/StyleTransferImages/Layers_1and2/GRAVELxFISH03_colorcontrolON_1vs1e3_TVlossON_1e-3_layers1and2.png,0.7721000689980185
151,False,False,DARTER,ALL,,,/home/durrmeyer/Images/StyleTransferImages/Layers_1and2/GRAVELxFISH10_colorcontrolOFF_1vs1e3_TVlossON_1e-3_layers1and2.png,0.6803105639404108
152,False,False,DARTER,ALL,,,/home/durrmeyer/Images/StyleTransferImages/Layers_1and2/PLANTSxFISH02_colorcontrolON_1vs1e3_TVlossON_1e-3_layers1and2.png,0.5801579065618065
153,False,False,DARTER,ALL,,,/home/durrmeyer/Images/StyleTransferImages/Layers_1and2/DETRITUSxFISH02_colorcontrolOFF_1vs1e3_TVlossON_1e-3_layers1and2.png,0.6129567596394981
154,False,False,DARTER,ALL,,,/home/durrmeyer/Images/StyleTransferImages/Layers_1and2/BOULDERxFISH10_colorcontrolOFF_1vs1e3_TVlossON_1e-3_layers1and2.png,0.5537857928332716
155,False,False,DARTER,ALL,,,/home/durrmeyer/Images/StyleTransferImages/Layers_1and2/SANDxFISH01_colorcontrolON_1vs1e3_TVlossON_1e-3_layers1and2.png,0.6829768304020579
156,False,False,DARTER,ALL,,,/home/durrmeyer/Images/StyleTransferImages/Layers_1and2/BOULDERxSANDxFISH10_colorcontrolON_1vs1e3_TVlossON_1e-3_layers1and2.png,0.7910599551403211
157,False,False,DARTER,ALL,,,/home/durrmeyer/Images/StyleTransferImages/Layers_1and2/DETRITUSxFISH04_colorcontrolOFF_1vs1e3_TVlossON_1e-3_layers1and2.png,0.6644255630318134
158,False,False,DARTER,ALL,,,/home/durrmeyer/Images/StyleTransferImages/Layers_1and2/SANDxFISH02_colorcontrolON_1vs1e3_TVlossON_1e-3_layers1and2.png,0.578035270493019
159,False,False,DARTER,ALL,,,/home/durrmeyer/Images/StyleTransferImages/Layers_1and2/PLANTSxFISH01_colorcontrolOFF_1vs1e3_TVlossON_1e-3_layers1and2.png,0.7059217440716339
160,False,False,DARTER,ALL,,,/home/durrmeyer/Images/StyleTransferImages/Layers_1and2/BOULDERxFISH04_colorcontrolON_1vs1e3_TVlossON_1e-3_layers1and2.png,0.8717424733453851
161,False,False,DARTER,ALL,,,/home/durrmeyer/Images/StyleTransferImages/Layers_1and2/SANDxFISH02_colorcontrolOFF_1vs1e3_TVlossON_1e-3_layers1and2.png,0.5613308019265613
162,False,False,DARTER,ALL,,,/home/durrmeyer/Images/StyleTransferImages/Layers_1and2/PLANTSxFISH02_colorcontrolOFF_1vs1e3_TVlossON_1e-3_layers1and2.png,0.6331285550410545
163,False,False,DARTER,ALL,,,/home/durrmeyer/Images/StyleTransferImages/Layers_1and2/BOULDERxFISH04_colorcontrolOFF_1vs1e3_TVlossON_1e-3_layers1and2.png,0.681596447802436
164,False,False,DARTER,ALL,,,/home/durrmeyer/Images/StyleTransferImages/Layers_1and2/BOULDERxSANDxFISH01_colorcontrolON_1vs1e3_TVlossON_1e-3_layers1and2.png,0.6962002550870611
165,False,False,DARTER,ALL,,,/home/durrmeyer/Images/StyleTransferImages/Layers_1and2/GRAVELxFISH01_colorcontrolON_1vs1e3_TVlossON_1e-3_layers1and2.png,0.7084118996203104
166,False,False,DARTER,ALL,,,/home/durrmeyer/Images/StyleTransferImages/Layers_1and2/BOULDERxSANDxFISH03_colorcontrolON_1vs1e3_TVlossON_1e-3_layers1and2.png,0.7355694008285122
167,False,False,DARTER,ALL,,,/home/durrmeyer/Images/StyleTransferImages/Layers_1and2/SANDxFISH01_colorcontrolOFF_1vs1e3_TVlossON_1e-3_layers1and2.png,0.6390763512486731
168,False,False,DARTER,ALL,,,/home/durrmeyer/Images/StyleTransferImages/Layers_1and2/SANDxFISH10_colorcontrolOFF_1vs1e3_TVlossON_1e-3_layers1and2.png,0.5952741918104327
169,False,False,DARTER,ALL,,,/home/durrmeyer/Images/StyleTransferImages/Layers_1and2/BOULDERxFISH02_colorcontrolON_1vs1e3_TVlossON_1e-3_layers1and2.png,0.5988347741075147
170,False,False,DARTER,ALL,,,/home/durrmeyer/Images/StyleTransferImages/Layers_1and2/BOULDERxSANDxFISH02_colorcontrolON_1vs1e3_TVlossON_1e-3_layers1and2.png,0.6045030479163175
171,False,False,DARTER,ALL,,,/home/durrmeyer/Images/StyleTransferImages/Layers_1and2/BOULDERxFISH03_colorcontrolON_1vs1e3_TVlossON_1e-3_layers1and2.png,0.7334531758656799
172,False,False,DARTER,ALL,,,/home/durrmeyer/Images/StyleTransferImages/Layers_1and2/PlantsxFISH10_colorcontrolOFF_1vs1e3_TVlossON_1e-3_layers1and2.png,0.6821280356733114
173,False,False,DARTER,ALL,,,/home/durrmeyer/Images/StyleTransferImages/Layers_1and2/PLANTSxFISH04_colorcontrolON_1vs1e3_TVlossON_1e-3_layers1and2.png,0.8828781988500826
174,False,False,DARTER,ALL,,,/home/durrmeyer/Images/StyleTransferImages/Layers_1and2/PLANTSxFISH01_colorcontrolON_1vs1e3_TVlossON_1e-3_layers1and2.png,0.694725304183368
175,False,False,DARTER,ALL,,,/home/durrmeyer/Images/StyleTransferImages/Layers_1and2/GRAVELxFISH03_colorcontrolOFF_1vs1e3_TVlossON_1e-3_layers1and2.png,0.6912677363828381
176,False,False,DARTER,ALL,,,/home/durrmeyer/Images/StyleTransferImages/Layers_1and2/DETRITUSxFISH01_colorcontrolOFF_1vs1e3_TVlossON_1e-3_layers1and2.png,0.6208525772455161
177,False,False,DARTER,ALL,,,/home/durrmeyer/Images/StyleTransferImages/Layers_1and2/DETRITUSxFISH10_colorcontrolON_1vs1e3_TVlossON_1e-3_layers1and2.png,0.8348656824124027
178,False,False,DARTER,ALL,,,/home/durrmeyer/Images/StyleTransferImages/Layers_1and2/PLANTSxFISH04_colorcontrolOFF_1vs1e3_TVlossON_1e-3_layers1and2.png,0.7610056421588383
179,False,False,DARTER,ALL,,,/home/durrmeyer/Images/StyleTransferImages/Layers_1and2/GRAVELxFISH04_colorcontrolOFF_1vs1e3_TVlossON_1e-3_layers1and2.png,0.686422252732605
180,False,False,DARTER,ALL,,,/home/durrmeyer/Images/StyleTransferImages/Layers_1and2/DETRITUSxFISH04_colorcontrolON_1vs1e3_TVlossON_1e-3_layers1and2.png,0.8410304413451709
181,False,False,DARTER,ALL,,,/home/durrmeyer/Images/StyleTransferImages/Layers_1and2/DETRITUSxFISH10_colorcontrolOFF_1vs1e3_TVlossON_1e-3_layers1and2.png,0.5995208189516069
182,False,False,DARTER,ALL,,,/home/durrmeyer/Images/StyleTransferImages/Layers_1and2/BOULDERxFISH10_colorcontrolON_1vs1e3_TVlossON_1e-3_layers1and2.png,0.8264701637408024
183,False,False,DARTER,ALL,,,/home/durrmeyer/Images/StyleTransferImages/Layers_1and2/BOULDERxFISH01_colorcontrolOFF_1vs1e3_TVlossON_1e-3_layers1and2.png,0.5980421698304226
184,False,False,DARTER,ALL,,,/home/durrmeyer/Images/StyleTransferImages/Layers_1and2/BOULDERxFISH03_colorcontrolOFF_1vs1e3_TVlossON_1e-3_layers1and2.png,0.5954308440500922
185,False,False,DARTER,ALL,,,/home/durrmeyer/Images/StyleTransferImages/Layers_1and2/DETRITUSxFISH02_colorcontrolON_1vs1e3_TVlossON_1e-3_layers1and2.png,0.677165815009739
186,False,False,DARTER,ALL,,,/home/durrmeyer/Images/StyleTransferImages/Layers_1and2/SANDxFISH10_colorcontrolON_1vs1e3_TVlossON_1e-3_layers1and2.png,0.7519788948043085
187,False,False,DARTER,ALL,,,/home/durrmeyer/Images/StyleTransferImages/Layers_1and2/BOULDERxSANDxFISH10_colorcontrolOFF_1vs1e3_TVlossON_1e-3_layers1and2.png,0.6569877174789269
188,False,False,DARTER,ALL,,,/home/durrmeyer/Images/StyleTransferImages/FISH_images/FISH04_cropped_3000x1000_CAER_REDR_M04.jpg,1.0269282173260172
189,False,False,DARTER,ALL,,,/home/durrmeyer/Images/StyleTransferImages/FISH_images/FISH10_cropped_3000x1000_CAER_REDR_M10.jpg,0.942607595679572
190,False,False,DARTER,ALL,,,/home/durrmeyer/Images/StyleTransferImages/FISH_images/FISH09_cropped_3000x1000_CAER_REDR_M09.jpg,0.907209368814461
191,False,False,DARTER,ALL,,,/home/durrmeyer/Images/StyleTransferImages/FISH_images/FISH08_cropped_3000x1000_CAER_REDR_M08.jpg,0.8915414235638052
192,False,False,DARTER,ALL,,,/home/durrmeyer/Images/StyleTransferImages/FISH_images/FISH02_cropped_3000x1000_CAER_REDR_M02.jpg,0.7575833554409593
193,False,False,DARTER,ALL,,,/home/durrmeyer/Images/StyleTransferImages/FISH_images/FISH03_cropped_3000x1000_CAER_REDR_M03.jpg,0.9813082445323555
194,False,False,DARTER,ALL,,,/home/durrmeyer/Images/StyleTransferImages/FISH_images/FISH01_cropped_3000x1000_CAER_REDR_M01.jpg,0.8281429602047676
195,False,False,DARTER,ALL,,,/home/durrmeyer/Images/StyleTransferImages/FISH_images/FISH07_cropped_3000x1000_CAER_REDR_M07.jpg,1.1465936327287614
196,False,False,DARTER,ALL,,,/home/durrmeyer/Images/StyleTransferImages/FISH_images/FISH06_cropped_3000x1000_CAER_REDR_M06.jpg,0.9546382159954577
