normalization,standardization,image_type,channel_image,image_resize_x,image_resize_y,Image_path,color_ratio
False,False,DARTER,ALL,1536,512,/home/durrmeyer/Images/StyleTransferImages/Layers_1and2/BOULDERxSANDxFISH02_colorcontrolON_1vs1e3_TVlossON_1e-3_layers1and2.png,0.5981378035823756
False,False,DARTER,ALL,1536,512,/home/durrmeyer/Images/StyleTransferImages/Layers_1and2/PLANTSxFISH01_colorcontrolOFF_1vs1e3_TVlossON_1e-3_layers1and2.png,0.7288867593933425
False,False,DARTER,ALL,1536,512,/home/durrmeyer/Images/StyleTransferImages/Layers_1and2/GRAVELxFISH04_colorcontrolOFF_1vs1e3_TVlossON_1e-3_layers1and2.png,0.6876128924952862
False,False,DARTER,ALL,1536,512,/home/durrmeyer/Images/StyleTransferImages/Layers_1and2/DETRITUSxFISH10_colorcontrolON_1vs1e3_TVlossON_1e-3_layers1and2.png,0.8383371900346254
False,False,DARTER,ALL,1536,512,/home/durrmeyer/Images/StyleTransferImages/Layers_1and2/BOULDERxSANDxFISH03_colorcontrolON_1vs1e3_TVlossON_1e-3_layers1and2.png,0.7451665633060952
False,False,DARTER,ALL,1536,512,/home/durrmeyer/Images/StyleTransferImages/Layers_1and2/BOULDERxSANDxFISH04_colorcontrolON_1vs1e3_TVlossON_1e-3_layers1and2.png,0.8566065907109761
False,False,DARTER,ALL,1536,512,/home/durrmeyer/Images/StyleTransferImages/Layers_1and2/SANDxFISH10_colorcontrolOFF_1vs1e3_TVlossON_1e-3_layers1and2.png,0.6812377031288296
False,False,DARTER,ALL,1536,512,/home/durrmeyer/Images/StyleTransferImages/Layers_1and2/SANDxFISH01_colorcontrolOFF_1vs1e3_TVlossON_1e-3_layers1and2.png,0.7255277273743949
False,False,DARTER,ALL,1536,512,/home/durrmeyer/Images/StyleTransferImages/Layers_1and2/PLANTSxFISH04_colorcontrolOFF_1vs1e3_TVlossON_1e-3_layers1and2.png,0.7809976553693493
False,False,DARTER,ALL,1536,512,/home/durrmeyer/Images/StyleTransferImages/Layers_1and2/PlantsxFISH10_colorcontrolON_1vs1e3_TVlossON_1e-3_layers1and2.png,0.8039797913317771
False,False,DARTER,ALL,1536,512,/home/durrmeyer/Images/StyleTransferImages/Layers_1and2/SANDxFISH01_colorcontrolON_1vs1e3_TVlossON_1e-3_layers1and2.png,0.746784243048464
False,False,DARTER,ALL,1536,512,/home/durrmeyer/Images/StyleTransferImages/Layers_1and2/GRAVELxFISH03_colorcontrolOFF_1vs1e3_TVlossON_1e-3_layers1and2.png,0.6938520347469802
False,False,DARTER,ALL,1536,512,/home/durrmeyer/Images/StyleTransferImages/Layers_1and2/DETRITUSxFISH01_colorcontrolON_1vs1e3_TVlossON_1e-3_layers1and2.png,0.8503940037456548
False,False,DARTER,ALL,1536,512,/home/durrmeyer/Images/StyleTransferImages/Layers_1and2/PLANTSxFISH02_colorcontrolON_1vs1e3_TVlossON_1e-3_layers1and2.png,0.6224178783285248
False,False,DARTER,ALL,1536,512,/home/durrmeyer/Images/StyleTransferImages/Layers_1and2/DETRITUSxFISH01_colorcontrolOFF_1vs1e3_TVlossON_1e-3_layers1and2.png,0.7196971553771306
False,False,DARTER,ALL,1536,512,/home/durrmeyer/Images/StyleTransferImages/Layers_1and2/GRAVELxFISH02_colorcontrolON_1vs1e3_TVlossON_1e-3_layers1and2.png,0.6686342988262999
False,False,DARTER,ALL,1536,512,/home/durrmeyer/Images/StyleTransferImages/Layers_1and2/GRAVELxFISH01_colorcontrolOFF_1vs1e3_TVlossON_1e-3_layers1and2.png,0.6760058498765453
False,False,DARTER,ALL,1536,512,/home/durrmeyer/Images/StyleTransferImages/Layers_1and2/GRAVELxFISH10_colorcontrolOFF_1vs1e3_TVlossON_1e-3_layers1and2.png,0.6939998779210333
False,False,DARTER,ALL,1536,512,/home/durrmeyer/Images/StyleTransferImages/Layers_1and2/GRAVELxFISH02_colorcontrolOFF_1vs1e3_TVlossON_1e-3_layers1and2.png,0.6546162163822066
False,False,DARTER,ALL,1536,512,/home/durrmeyer/Images/StyleTransferImages/Layers_1and2/SANDxFISH04_colorcontrolON_1vs1e3_TVlossON_1e-3_layers1and2.png,0.8457496312470506
False,False,DARTER,ALL,1536,512,/home/durrmeyer/Images/StyleTransferImages/Layers_1and2/BOULDERxFISH02_colorcontrolON_1vs1e3_TVlossON_1e-3_layers1and2.png,0.6232546582208539
False,False,DARTER,ALL,1536,512,/home/durrmeyer/Images/StyleTransferImages/Layers_1and2/BOULDERxFISH10_colorcontrolOFF_1vs1e3_TVlossON_1e-3_layers1and2.png,0.5676672556732819
False,False,DARTER,ALL,1536,512,/home/durrmeyer/Images/StyleTransferImages/Layers_1and2/DETRITUSxFISH03_colorcontrolON_1vs1e3_TVlossON_1e-3_layers1and2.png,0.8190420219227184
False,False,DARTER,ALL,1536,512,/home/durrmeyer/Images/StyleTransferImages/Layers_1and2/PLANTSxFISH03_colorcontrolON_1vs1e3_TVlossON_1e-3_layers1and2.png,0.7638236365292141
False,False,DARTER,ALL,1536,512,/home/durrmeyer/Images/StyleTransferImages/Layers_1and2/DETRITUSxFISH03_colorcontrolOFF_1vs1e3_TVlossON_1e-3_layers1and2.png,0.6620814970138081
False,False,DARTER,ALL,1536,512,/home/durrmeyer/Images/StyleTransferImages/Layers_1and2/DETRITUSxFISH02_colorcontrolOFF_1vs1e3_TVlossON_1e-3_layers1and2.png,0.6421105769660908
False,False,DARTER,ALL,1536,512,/home/durrmeyer/Images/StyleTransferImages/Layers_1and2/DETRITUSxFISH10_colorcontrolOFF_1vs1e3_TVlossON_1e-3_layers1and2.png,0.6303902203128042
False,False,DARTER,ALL,1536,512,/home/durrmeyer/Images/StyleTransferImages/Layers_1and2/BOULDERxSANDxFISH10_colorcontrolOFF_1vs1e3_TVlossON_1e-3_layers1and2.png,0.6675963235334622
False,False,DARTER,ALL,1536,512,/home/durrmeyer/Images/StyleTransferImages/Layers_1and2/BOULDERxFISH04_colorcontrolOFF_1vs1e3_TVlossON_1e-3_layers1and2.png,0.6945127489806433
False,False,DARTER,ALL,1536,512,/home/durrmeyer/Images/StyleTransferImages/Layers_1and2/BOULDERxSANDxFISH01_colorcontrolON_1vs1e3_TVlossON_1e-3_layers1and2.png,0.7043870885145809
False,False,DARTER,ALL,1536,512,/home/durrmeyer/Images/StyleTransferImages/Layers_1and2/SANDxFISH03_colorcontrolON_1vs1e3_TVlossON_1e-3_layers1and2.png,0.7696084384088353
False,False,DARTER,ALL,1536,512,/home/durrmeyer/Images/StyleTransferImages/Layers_1and2/PLANTSxFISH01_colorcontrolON_1vs1e3_TVlossON_1e-3_layers1and2.png,0.7249066287581011
False,False,DARTER,ALL,1536,512,/home/durrmeyer/Images/StyleTransferImages/Layers_1and2/BOULDERxSANDxFISH02_colorcontrolOFF_1vs1e3_TVlossON_1e-3_layers1and2.png,0.5562878852975749
False,False,DARTER,ALL,1536,512,/home/durrmeyer/Images/StyleTransferImages/Layers_1and2/BOULDERxSANDxFISH01_colorcontrolOFF_1vs1e3_TVlossON_1e-3_layers1and2.png,0.6419131614160326
False,False,DARTER,ALL,1536,512,/home/durrmeyer/Images/StyleTransferImages/Layers_1and2/GRAVELxFISH04_colorcontrolON_1vs1e3_TVlossON_1e-3_layers1and2.png,0.9012838755016864
False,False,DARTER,ALL,1536,512,/home/durrmeyer/Images/StyleTransferImages/Layers_1and2/BOULDERxSANDxFISH03_colorcontrolOFF_1vs1e3_TVlossON_1e-3_layers1and2.png,0.6535927336925057
False,False,DARTER,ALL,1536,512,/home/durrmeyer/Images/StyleTransferImages/Layers_1and2/PLANTSxFISH03_colorcontrolOFF_1vs1e3_TVlossON_1e-3_layers1and2.png,0.7269286242551566
False,False,DARTER,ALL,1536,512,/home/durrmeyer/Images/StyleTransferImages/Layers_1and2/DETRITUSxFISH04_colorcontrolON_1vs1e3_TVlossON_1e-3_layers1and2.png,0.8896946484521306
False,False,DARTER,ALL,1536,512,/home/durrmeyer/Images/StyleTransferImages/Layers_1and2/BOULDERxFISH04_colorcontrolON_1vs1e3_TVlossON_1e-3_layers1and2.png,0.907052534900916
False,False,DARTER,ALL,1536,512,/home/durrmeyer/Images/StyleTransferImages/Layers_1and2/PLANTSxFISH04_colorcontrolON_1vs1e3_TVlossON_1e-3_layers1and2.png,0.9073020257904886
False,False,DARTER,ALL,1536,512,/home/durrmeyer/Images/StyleTransferImages/Layers_1and2/SANDxFISH04_colorcontrolOFF_1vs1e3_TVlossON_1e-3_layers1and2.png,0.7152306554601181
False,False,DARTER,ALL,1536,512,/home/durrmeyer/Images/StyleTransferImages/Layers_1and2/PlantsxFISH10_colorcontrolOFF_1vs1e3_TVlossON_1e-3_layers1and2.png,0.6918636356396302
False,False,DARTER,ALL,1536,512,/home/durrmeyer/Images/StyleTransferImages/Layers_1and2/BOULDERxFISH03_colorcontrolON_1vs1e3_TVlossON_1e-3_layers1and2.png,0.7418959917986376
False,False,DARTER,ALL,1536,512,/home/durrmeyer/Images/StyleTransferImages/Layers_1and2/PLANTSxFISH02_colorcontrolOFF_1vs1e3_TVlossON_1e-3_layers1and2.png,0.6445023384715455
False,False,DARTER,ALL,1536,512,/home/durrmeyer/Images/StyleTransferImages/Layers_1and2/BOULDERxFISH03_colorcontrolOFF_1vs1e3_TVlossON_1e-3_layers1and2.png,0.5925403700600282
False,False,DARTER,ALL,1536,512,/home/durrmeyer/Images/StyleTransferImages/Layers_1and2/BOULDERxFISH02_colorcontrolOFF_1vs1e3_TVlossON_1e-3_layers1and2.png,0.4828714699739049
False,False,DARTER,ALL,1536,512,/home/durrmeyer/Images/StyleTransferImages/Layers_1and2/GRAVELxFISH03_colorcontrolON_1vs1e3_TVlossON_1e-3_layers1and2.png,0.7979255668659305
False,False,DARTER,ALL,1536,512,/home/durrmeyer/Images/StyleTransferImages/Layers_1and2/BOULDERxFISH01_colorcontrolOFF_1vs1e3_TVlossON_1e-3_layers1and2.png,0.5937483211946073
False,False,DARTER,ALL,1536,512,/home/durrmeyer/Images/StyleTransferImages/Layers_1and2/SANDxFISH10_colorcontrolON_1vs1e3_TVlossON_1e-3_layers1and2.png,0.7871019654047993
False,False,DARTER,ALL,1536,512,/home/durrmeyer/Images/StyleTransferImages/Layers_1and2/GRAVELxFISH10_colorcontrolON_1vs1e3_TVlossON_1e-3_layers1and2.png,0.904951794506596
False,False,DARTER,ALL,1536,512,/home/durrmeyer/Images/StyleTransferImages/Layers_1and2/SANDxFISH02_colorcontrolOFF_1vs1e3_TVlossON_1e-3_layers1and2.png,0.6299905071323955
False,False,DARTER,ALL,1536,512,/home/durrmeyer/Images/StyleTransferImages/Layers_1and2/DETRITUSxFISH02_colorcontrolON_1vs1e3_TVlossON_1e-3_layers1and2.png,0.6995233671087268
False,False,DARTER,ALL,1536,512,/home/durrmeyer/Images/StyleTransferImages/Layers_1and2/BOULDERxFISH10_colorcontrolON_1vs1e3_TVlossON_1e-3_layers1and2.png,0.8451380449204491
False,False,DARTER,ALL,1536,512,/home/durrmeyer/Images/StyleTransferImages/Layers_1and2/BOULDERxFISH01_colorcontrolON_1vs1e3_TVlossON_1e-3_layers1and2.png,0.716948248608237
False,False,DARTER,ALL,1536,512,/home/durrmeyer/Images/StyleTransferImages/Layers_1and2/BOULDERxSANDxFISH04_colorcontrolOFF_1vs1e3_TVlossON_1e-3_layers1and2.png,0.7056558705620974
False,False,DARTER,ALL,1536,512,/home/durrmeyer/Images/StyleTransferImages/Layers_1and2/SANDxFISH03_colorcontrolOFF_1vs1e3_TVlossON_1e-3_layers1and2.png,0.6893660871646485
False,False,DARTER,ALL,1536,512,/home/durrmeyer/Images/StyleTransferImages/Layers_1and2/SANDxFISH02_colorcontrolON_1vs1e3_TVlossON_1e-3_layers1and2.png,0.6446686676436546
False,False,DARTER,ALL,1536,512,/home/durrmeyer/Images/StyleTransferImages/Layers_1and2/DETRITUSxFISH04_colorcontrolOFF_1vs1e3_TVlossON_1e-3_layers1and2.png,0.7159390499168599
False,False,DARTER,ALL,1536,512,/home/durrmeyer/Images/StyleTransferImages/Layers_1and2/BOULDERxSANDxFISH10_colorcontrolON_1vs1e3_TVlossON_1e-3_layers1and2.png,0.7912824534672028
False,False,DARTER,ALL,1536,512,/home/durrmeyer/Images/StyleTransferImages/Layers_1and2/GRAVELxFISH01_colorcontrolON_1vs1e3_TVlossON_1e-3_layers1and2.png,0.7373139122051969
False,False,DARTER,ALL,1536,512,/home/durrmeyer/Images/StyleTransferImages/Layers_3to5/PLANTSxFISH10_colorcontrolOFF_1vs1e3_TVlossON_1e-3_layers3to5.png,0.7684981997051015
False,False,DARTER,ALL,1536,512,/home/durrmeyer/Images/StyleTransferImages/Layers_3to5/PLANTSxFISH03_colorcontrolOFF_1vs1e3_TVlossON_1e-3_layers3to5.png,0.6165781372404887
False,False,DARTER,ALL,1536,512,/home/durrmeyer/Images/StyleTransferImages/Layers_3to5/GRAVELxFISH04_colorcontrolOFF_1vs1e3_TVlossON_1e-3_layers3to5.png,0.8487762394731753
False,False,DARTER,ALL,1536,512,/home/durrmeyer/Images/StyleTransferImages/Layers_3to5/GRAVELxFISH02_colorcontrolOFF_1vs1e3_TVlossON_1e-3_layers3to5.png,0.6981695740206685
False,False,DARTER,ALL,1536,512,/home/durrmeyer/Images/StyleTransferImages/Layers_3to5/SANDxFISH03_colorcontrolON_1vs1e3_TVlossON_1e-3_layers3to5.png,0.6002926132826606
False,False,DARTER,ALL,1536,512,/home/durrmeyer/Images/StyleTransferImages/Layers_3to5/BOULDERxFISH01_colorcontrolOFF_1vs1e3_TVlossON_1e-3_layers3to5.png,0.6996221937958794
False,False,DARTER,ALL,1536,512,/home/durrmeyer/Images/StyleTransferImages/Layers_3to5/DETRITUSxFISH01_colorcontrolOFF_1vs1e3_TVlossON_1e-3_layers3to5.png,0.6169908532795337
False,False,DARTER,ALL,1536,512,/home/durrmeyer/Images/StyleTransferImages/Layers_3to5/SANDxFISH01_colorcontrolON_1vs1e3_TVlossON_1e-3_layers3to5.png,0.5585357176664527
False,False,DARTER,ALL,1536,512,/home/durrmeyer/Images/StyleTransferImages/Layers_3to5/BOULDERxFISH03_colorcontrolON_1vs1e3_TVlossON_1e-3_layers3to5.png,0.7144912859714954
False,False,DARTER,ALL,1536,512,/home/durrmeyer/Images/StyleTransferImages/Layers_3to5/SANDxFISH04_colorcontrolON_1vs1e3_TVlossON_1e-3_layers3to5.png,0.7965889960899798
False,False,DARTER,ALL,1536,512,/home/durrmeyer/Images/StyleTransferImages/Layers_3to5/BOULDERxSANDxFISH02_colorcontrolON_1vs1e3_TVlossON_1e-3_layers3to5.png,0.5669947736550559
False,False,DARTER,ALL,1536,512,/home/durrmeyer/Images/StyleTransferImages/Layers_3to5/SANDxFISH03_colorcontrolOFF_1vs1e3_TVlossON_1e-3_layers3to5.png,0.6415922157940487
False,False,DARTER,ALL,1536,512,/home/durrmeyer/Images/StyleTransferImages/Layers_3to5/DETRITUSxFISH01_colorcontrolON_1vs1e3_TVlossON_1e-3_layers3to5.png,0.6657834224007145
False,False,DARTER,ALL,1536,512,/home/durrmeyer/Images/StyleTransferImages/Layers_3to5/BOULDERxSANDxFISH04_colorcontrolON_1vs1e3_TVlossON_1e-3_layers3to5.png,0.8679282189465072
False,False,DARTER,ALL,1536,512,/home/durrmeyer/Images/StyleTransferImages/Layers_3to5/PLANTSxFISH03_colorcontrolON_1vs1e3_TVlossON_1e-3_layers3to5.png,0.6280038755957081
False,False,DARTER,ALL,1536,512,/home/durrmeyer/Images/StyleTransferImages/Layers_3to5/DETRITUSxFISH10_colorcontrolOFF_1vs1e3_TVlossON_1e-3_layers3to5.png,0.7445633651015038
False,False,DARTER,ALL,1536,512,/home/durrmeyer/Images/StyleTransferImages/Layers_3to5/SANDxFISH01_colorcontrolOFF_1vs1e3_TVlossON_1e-3_layers3to5.png,0.5214949748275411
False,False,DARTER,ALL,1536,512,/home/durrmeyer/Images/StyleTransferImages/Layers_3to5/DETRITUSxFISH03_colorcontrolON_1vs1e3_TVlossON_1e-3_layers3to5.png,0.698705023598324
False,False,DARTER,ALL,1536,512,/home/durrmeyer/Images/StyleTransferImages/Layers_3to5/GRAVELxFISH01_colorcontrolOFF_1vs1e3_TVlossON_1e-3_layers3to5.png,0.6605224660577489
False,False,DARTER,ALL,1536,512,/home/durrmeyer/Images/StyleTransferImages/Layers_3to5/PLANTSxFISH04_colorcontrolOFF_1vs1e3_TVlossON_1e-3_layers3to5.png,0.7766148280146161
False,False,DARTER,ALL,1536,512,/home/durrmeyer/Images/StyleTransferImages/Layers_3to5/BOULDERxSANDxFISH03_colorcontrolON_1vs1e3_TVlossON_1e-3_layers3to5.png,0.6727047731628074
False,False,DARTER,ALL,1536,512,/home/durrmeyer/Images/StyleTransferImages/Layers_3to5/BOULDERxFISH02_colorcontrolON_1vs1e3_TVlossON_1e-3_layers3to5.png,0.6215407428651178
False,False,DARTER,ALL,1536,512,/home/durrmeyer/Images/StyleTransferImages/Layers_3to5/DETRITUSxFISH02_colorcontrolOFF_1vs1e3_TVlossON_1e-3_layers3to5.png,0.6520473481465295
False,False,DARTER,ALL,1536,512,/home/durrmeyer/Images/StyleTransferImages/Layers_3to5/BOULDERxSANDxFISH01_colorcontrolON_1vs1e3_TVlossON_1e-3_layers3to5.png,0.6579152791207686
False,False,DARTER,ALL,1536,512,/home/durrmeyer/Images/StyleTransferImages/Layers_3to5/GRAVELxFISH10_colorcontrolON_1vs1e3_TVlossON_1e-3_layers3to5.png,0.7504655575614719
False,False,DARTER,ALL,1536,512,/home/durrmeyer/Images/StyleTransferImages/Layers_3to5/GRAVELxFISH02_colorcontrolON_1vs1e3_TVlossON_1e-3_layers3to5.png,0.6151835452281808
False,False,DARTER,ALL,1536,512,/home/durrmeyer/Images/StyleTransferImages/Layers_3to5/GRAVELxFISH03_colorcontrolOFF_1vs1e3_TVlossON_1e-3_layers3to5.png,0.7176571526858626
False,False,DARTER,ALL,1536,512,/home/durrmeyer/Images/StyleTransferImages/Layers_3to5/GRAVELxFISH01_colorcontrolON_1vs1e3_TVlossON_1e-3_layers3to5.png,0.6587175623003144
False,False,DARTER,ALL,1536,512,/home/durrmeyer/Images/StyleTransferImages/Layers_3to5/PLANTSxFISH10_colorcontrolON_1vs1e3_TVlossON_1e-3_layers3to5.png,0.7555474704008905
False,False,DARTER,ALL,1536,512,/home/durrmeyer/Images/StyleTransferImages/Layers_3to5/DETRITUSxFISH04_colorcontrolON_1vs1e3_TVlossON_1e-3_layers3to5.png,0.8369529715333692
False,False,DARTER,ALL,1536,512,/home/durrmeyer/Images/StyleTransferImages/Layers_3to5/PLANTSxFISH01_colorcontrolON_1vs1e3_TVlossON_1e-3_layers3to5.png,0.6323864579452034
False,False,DARTER,ALL,1536,512,/home/durrmeyer/Images/StyleTransferImages/Layers_3to5/DETRITUSxFISH02_colorcontrolON_1vs1e3_TVlossON_1e-3_layers3to5.png,0.6447483154375632
False,False,DARTER,ALL,1536,512,/home/durrmeyer/Images/StyleTransferImages/Layers_3to5/DETRITUSxFISH10_colorcontrolON_1vs1e3_TVlossON_1e-3_layers3to5.png,0.808601857057508
False,False,DARTER,ALL,1536,512,/home/durrmeyer/Images/StyleTransferImages/Layers_3to5/GRAVELxFISH03_colorcontrolON_1vs1e3_TVlossON_1e-3_layers3to5.png,0.7042259262952797
False,False,DARTER,ALL,1536,512,/home/durrmeyer/Images/StyleTransferImages/Layers_3to5/BOULDERxSANDxFISH10_colorcontrolOFF_1vs1e3_TVlossON_1e-3_layers3to5.png,0.769561397102488
False,False,DARTER,ALL,1536,512,/home/durrmeyer/Images/StyleTransferImages/Layers_3to5/SANDxFISH04_colorcontrolOFF_1vs1e3_TVlossON_1e-3_layers3to5.png,0.8762131294274037
False,False,DARTER,ALL,1536,512,/home/durrmeyer/Images/StyleTransferImages/Layers_3to5/BOULDERxSANDxFISH03_colorcontrolOFF_1vs1e3_TVlossON_1e-3_layers3to5.png,0.6633773175810611
False,False,DARTER,ALL,1536,512,/home/durrmeyer/Images/StyleTransferImages/Layers_3to5/PLANTSxFISH01_colorcontrolOFF_1vs1e3_TVlossON_1e-3_layers3to5.png,0.6272768996431596
False,False,DARTER,ALL,1536,512,/home/durrmeyer/Images/StyleTransferImages/Layers_3to5/SANDxFISH02_colorcontrolOFF_1vs1e3_TVlossON_1e-3_layers3to5.png,0.5641683309604171
False,False,DARTER,ALL,1536,512,/home/durrmeyer/Images/StyleTransferImages/Layers_3to5/BOULDERxSANDxFISH10_colorcontrolON_1vs1e3_TVlossON_1e-3_layers3to5.png,0.7563714444165687
False,False,DARTER,ALL,1536,512,/home/durrmeyer/Images/StyleTransferImages/Layers_3to5/PLANTSxFISH02_colorcontrolOFF_1vs1e3_TVlossON_1e-3_layers3to5.png,0.5706634046274975
False,False,DARTER,ALL,1536,512,/home/durrmeyer/Images/StyleTransferImages/Layers_3to5/BOULDERxSANDxFISH02_colorcontrolOFF_1vs1e3_TVlossON_1e-3_layers3to5.png,0.6411215062408161
False,False,DARTER,ALL,1536,512,/home/durrmeyer/Images/StyleTransferImages/Layers_3to5/BOULDERxFISH10_colorcontrolOFF_1vs1e3_TVlossON_1e-3_layers3to5.png,0.7966694220241389
False,False,DARTER,ALL,1536,512,/home/durrmeyer/Images/StyleTransferImages/Layers_3to5/GRAVELxFISH10_colorcontrolOFF_1vs1e3_TVlossON_1e-3_layers3to5.png,0.7769497198559497
False,False,DARTER,ALL,1536,512,/home/durrmeyer/Images/StyleTransferImages/Layers_3to5/SANDxFISH10_colorcontrolON_1vs1e3_TVlossON_1e-3_layers3to5.png,0.7004939153300368
False,False,DARTER,ALL,1536,512,/home/durrmeyer/Images/StyleTransferImages/Layers_3to5/BOULDERxFISH04_colorcontrolOFF_1vs1e3_TVlossON_1e-3_layers3to5.png,0.8381385604912185
False,False,DARTER,ALL,1536,512,/home/durrmeyer/Images/StyleTransferImages/Layers_3to5/BOULDERxFISH01_colorcontrolON_1vs1e3_TVlossON_1e-3_layers3to5.png,0.710431356271318
False,False,DARTER,ALL,1536,512,/home/durrmeyer/Images/StyleTransferImages/Layers_3to5/BOULDERxSANDxFISH01_colorcontrolOFF_1vs1e3_TVlossON_1e-3_layers3to5.png,0.6505495311798211
False,False,DARTER,ALL,1536,512,/home/durrmeyer/Images/StyleTransferImages/Layers_3to5/BOULDERxFISH02_colorcontrolOFF_1vs1e3_TVlossON_1e-3_layers3to5.png,0.660443317271075
False,False,DARTER,ALL,1536,512,/home/durrmeyer/Images/StyleTransferImages/Layers_3to5/BOULDERxSANDxFISH04_colorcontrolOFF_1vs1e3_TVlossON_1e-3_layers3to5.png,0.9089773896995912
False,False,DARTER,ALL,1536,512,/home/durrmeyer/Images/StyleTransferImages/Layers_3to5/BOULDERxFISH10_colorcontrolON_1vs1e3_TVlossON_1e-3_layers3to5.png,0.7912879363246699
False,False,DARTER,ALL,1536,512,/home/durrmeyer/Images/StyleTransferImages/Layers_3to5/DETRITUSxFISH04_colorcontrolOFF_1vs1e3_TVlossON_1e-3_layers3to5.png,0.7566585729095517
False,False,DARTER,ALL,1536,512,/home/durrmeyer/Images/StyleTransferImages/Layers_3to5/DETRITUSxFISH03_colorcontrolOFF_1vs1e3_TVlossON_1e-3_layers3to5.png,0.6897457867174802
False,False,DARTER,ALL,1536,512,/home/durrmeyer/Images/StyleTransferImages/Layers_3to5/SANDxFISH02_colorcontrolON_1vs1e3_TVlossON_1e-3_layers3to5.png,0.489007282519561
False,False,DARTER,ALL,1536,512,/home/durrmeyer/Images/StyleTransferImages/Layers_3to5/BOULDERxFISH04_colorcontrolON_1vs1e3_TVlossON_1e-3_layers3to5.png,0.8179640542834167
False,False,DARTER,ALL,1536,512,/home/durrmeyer/Images/StyleTransferImages/Layers_3to5/SANDxFISH10_colorcontrolOFF_1vs1e3_TVlossON_1e-3_layers3to5.png,0.6952477650001937
False,False,DARTER,ALL,1536,512,/home/durrmeyer/Images/StyleTransferImages/Layers_3to5/PLANTSxFISH02_colorcontrolON_1vs1e3_TVlossON_1e-3_layers3to5.png,0.5348017302001276
False,False,DARTER,ALL,1536,512,/home/durrmeyer/Images/StyleTransferImages/Layers_3to5/BOULDERxFISH03_colorcontrolOFF_1vs1e3_TVlossON_1e-3_layers3to5.png,0.706277314136117
False,False,DARTER,ALL,1536,512,/home/durrmeyer/Images/StyleTransferImages/Layers_3to5/PLANTSxFISH04_colorcontrolON_1vs1e3_TVlossON_1e-3_layers3to5.png,0.7865357456877056
False,False,DARTER,ALL,1536,512,/home/durrmeyer/Images/StyleTransferImages/Layers_3to5/GRAVELxFISH04_colorcontrolON_1vs1e3_TVlossON_1e-3_layers3to5.png,0.8232343493090698
False,False,DARTER,ALL,1536,512,/home/durrmeyer/Images/StyleTransferImages/All_layers/DETRITUSxFISH01_colorcontrolON_1vs1e3_TVlossON_1e-3.png,0.7774479741554847
False,False,DARTER,ALL,1536,512,/home/durrmeyer/Images/StyleTransferImages/All_layers/SANDxFISH02_colorcontrolOFF_1vs1e3_TVlossON_1e-3.png,0.5330525570610798
False,False,DARTER,ALL,1536,512,/home/durrmeyer/Images/StyleTransferImages/All_layers/BOULDERxFISH04_colorcontrolOFF_1vs1e3_TVlossON_1e-3.png,0.6899309928295743
False,False,DARTER,ALL,1536,512,/home/durrmeyer/Images/StyleTransferImages/All_layers/DETRITUSxFISH01_colorcontrolOFF_1vs1e3_TVlossON_1e-3.png,0.669135790289901
False,False,DARTER,ALL,1536,512,/home/durrmeyer/Images/StyleTransferImages/All_layers/DETRITUSxFISH02_colorcontrolOFF_1vs1e3_TVlossON_1e-3.png,0.6665895450062729
False,False,DARTER,ALL,1536,512,/home/durrmeyer/Images/StyleTransferImages/All_layers/DETRITUSxFISH10_colorcontrolOFF_1vs1e3_TVlossON_1e-3.png,0.7221119167667868
False,False,DARTER,ALL,1536,512,/home/durrmeyer/Images/StyleTransferImages/All_layers/GRAVELxFISH10_colorcontrolOFF_1vs1e3_TVlossON_1e-3.png,0.7075935401883577
False,False,DARTER,ALL,1536,512,/home/durrmeyer/Images/StyleTransferImages/All_layers/PLANTSxFISH04_colorcontrolOFF_1vs1e3_TVlossON_1e-3.png,0.8237332475033194
False,False,DARTER,ALL,1536,512,/home/durrmeyer/Images/StyleTransferImages/All_layers/GRAVELxFISH10_colorcontrolON_1vs1e3_TVlossON_1e-3.png,0.7424151478991271
False,False,DARTER,ALL,1536,512,/home/durrmeyer/Images/StyleTransferImages/All_layers/PLANTSxFISH03_colorcontrolOFF_1vs1e3_TVlossON_1e-3.png,0.7472943378012468
False,False,DARTER,ALL,1536,512,/home/durrmeyer/Images/StyleTransferImages/All_layers/BOULDERxFISH01_colorcontrolOFF_1vs1e3_TVlossON_1e-3.png,0.6559375917709626
False,False,DARTER,ALL,1536,512,/home/durrmeyer/Images/StyleTransferImages/All_layers/PLANTSxFISH03_colorcontrolON_1vs1e3_TVlossON_1e-3.png,0.7289051470935553
False,False,DARTER,ALL,1536,512,/home/durrmeyer/Images/StyleTransferImages/All_layers/GRAVELxFISH03_colorcontrolOFF_1vs1e3_TVlossON_1e-3.png,0.6735878240938975
False,False,DARTER,ALL,1536,512,/home/durrmeyer/Images/StyleTransferImages/All_layers/GRAVELxFISH03_colorcontrolON_1vs1e3_TVlossON_1e-3.png,0.6831461716866122
False,False,DARTER,ALL,1536,512,/home/durrmeyer/Images/StyleTransferImages/All_layers/DETRITUSxFISH02_colorcontrolON_1vs1e3_TVlossON_1e-3.png,0.7032869221365966
False,False,DARTER,ALL,1536,512,/home/durrmeyer/Images/StyleTransferImages/All_layers/SANDxFISH04_colorcontrolON_1vs1e3_TVlossON_1e-3.png,0.8057417530769989
False,False,DARTER,ALL,1536,512,/home/durrmeyer/Images/StyleTransferImages/All_layers/GRAVELxFISH01_colorcontrolOFF_1vs1e3_TVlossON_1e-3.png,0.6489987945674062
False,False,DARTER,ALL,1536,512,/home/durrmeyer/Images/StyleTransferImages/All_layers/SANDxFISH02_colorcontrolON_1vs1e3_TVlossON_1e-3.png,0.5548061577544643
False,False,DARTER,ALL,1536,512,/home/durrmeyer/Images/StyleTransferImages/All_layers/GRAVELxFISH01_colorcontrolON_1vs1e3_TVlossON_1e-3.png,0.6798481234965887
False,False,DARTER,ALL,1536,512,/home/durrmeyer/Images/StyleTransferImages/All_layers/BOULDERxSANDxFISH02_colorcontrolON_1vs1e3_TVlossON_1e-3.png,0.6432386618313178
False,False,DARTER,ALL,1536,512,/home/durrmeyer/Images/StyleTransferImages/All_layers/BOULDERxSANDxFISH04_colorcontrolON_1vs1e3_TVlossON_1e-3.png,0.8586712488277107
False,False,DARTER,ALL,1536,512,/home/durrmeyer/Images/StyleTransferImages/All_layers/PLANTSxFISH02_colorcontrolON_1vs1e3_TVlossON_1e-3.png,0.5898480617034159
False,False,DARTER,ALL,1536,512,/home/durrmeyer/Images/StyleTransferImages/All_layers/BOULDERxFISH02_colorcontrolOFF_1vs1e3_TVlossON_1e-3.png,0.6240619153786982
False,False,DARTER,ALL,1536,512,/home/durrmeyer/Images/StyleTransferImages/All_layers/PLANTSxFISH10_colorcontrolON_1vs1e3_TVlossON_1e-3.png,0.7253008249249576
False,False,DARTER,ALL,1536,512,/home/durrmeyer/Images/StyleTransferImages/All_layers/PLANTSxFISH04_colorcontrolON_1vs1e3_TVlossON_1e-3.png,0.8813324052907144
False,False,DARTER,ALL,1536,512,/home/durrmeyer/Images/StyleTransferImages/All_layers/SANDxFISH01_colorcontrolON_1vs1e3_TVlossON_1e-3.png,0.647757820256469
False,False,DARTER,ALL,1536,512,/home/durrmeyer/Images/StyleTransferImages/All_layers/BOULDERxFISH03_colorcontrolOFF_1vs1e3_TVlossON_1e-3.png,0.6590516499452752
False,False,DARTER,ALL,1536,512,/home/durrmeyer/Images/StyleTransferImages/All_layers/SANDxFISH04_colorcontrolOFF_1vs1e3_TVlossON_1e-3.png,0.6444102396675735
False,False,DARTER,ALL,1536,512,/home/durrmeyer/Images/StyleTransferImages/All_layers/BOULDERxFISH10_colorcontrolON_1vs1e3_TVlossON_1e-3.png,0.8071799537873605
False,False,DARTER,ALL,1536,512,/home/durrmeyer/Images/StyleTransferImages/All_layers/BOULDERxFISH02_colorcontrolON_1vs1e3_TVlossON_1e-3.png,0.6371517625768766
False,False,DARTER,ALL,1536,512,/home/durrmeyer/Images/StyleTransferImages/All_layers/BOULDERxSANDxFISH10_colorcontrolOFF_1vs1e3_TVlossON_1e-3.png,0.6889967422539865
False,False,DARTER,ALL,1536,512,/home/durrmeyer/Images/StyleTransferImages/All_layers/PLANTSxFISH01_colorcontrolON_1vs1e3_TVlossON_1e-3.png,0.684338913066365
False,False,DARTER,ALL,1536,512,/home/durrmeyer/Images/StyleTransferImages/All_layers/SANDxFISH03_colorcontrolOFF_1vs1e3_TVlossON_1e-3.png,0.6401099500862801
False,False,DARTER,ALL,1536,512,/home/durrmeyer/Images/StyleTransferImages/All_layers/PLANTSxFISH02_colorcontrolOFF_1vs1e3_TVlossON_1e-3.png,0.6230047459803236
False,False,DARTER,ALL,1536,512,/home/durrmeyer/Images/StyleTransferImages/All_layers/SANDxFISH10_colorcontrolOFF_1vs1e3_TVlossON_1e-3.png,0.6258462570167328
False,False,DARTER,ALL,1536,512,/home/durrmeyer/Images/StyleTransferImages/All_layers/BOULDERxFISH10_colorcontrolOFF_1vs1e3_TVlossON_1e-3.png,0.718410752264845
False,False,DARTER,ALL,1536,512,/home/durrmeyer/Images/StyleTransferImages/All_layers/SANDxFISH03_colorcontrolON_1vs1e3_TVlossON_1e-3.png,0.6781652025287483
False,False,DARTER,ALL,1536,512,/home/durrmeyer/Images/StyleTransferImages/All_layers/DETRITUSxFISH03_colorcontrolON_1vs1e3_TVlossON_1e-3.png,0.8018170788566907
False,False,DARTER,ALL,1536,512,/home/durrmeyer/Images/StyleTransferImages/All_layers/DETRITUSxFISH03_colorcontrolOFF_1vs1e3_TVlossON_1e-3.png,0.7202337298837189
False,False,DARTER,ALL,1536,512,/home/durrmeyer/Images/StyleTransferImages/All_layers/SANDxFISH01_colorcontrolOFF_1vs1e3_TVlossON_1e-3.png,0.5502260636922398
False,False,DARTER,ALL,1536,512,/home/durrmeyer/Images/StyleTransferImages/All_layers/BOULDERxSANDxFISH04_colorcontrolOFF_1vs1e3_TVlossON_1e-3.png,0.7079499209951352
False,False,DARTER,ALL,1536,512,/home/durrmeyer/Images/StyleTransferImages/All_layers/BOULDERxSANDxFISH03_colorcontrolON_1vs1e3_TVlossON_1e-3.png,0.7374098803810222
False,False,DARTER,ALL,1536,512,/home/durrmeyer/Images/StyleTransferImages/All_layers/BOULDERxFISH01_colorcontrolON_1vs1e3_TVlossON_1e-3.png,0.6808049803257341
False,False,DARTER,ALL,1536,512,/home/durrmeyer/Images/StyleTransferImages/All_layers/GRAVELxFISH04_colorcontrolON_1vs1e3_TVlossON_1e-3.png,0.718591886161827
False,False,DARTER,ALL,1536,512,/home/durrmeyer/Images/StyleTransferImages/All_layers/BOULDERxFISH03_colorcontrolON_1vs1e3_TVlossON_1e-3.png,0.6884878299257003
False,False,DARTER,ALL,1536,512,/home/durrmeyer/Images/StyleTransferImages/All_layers/BOULDERxSANDxFISH02_colorcontrolOFF_1vs1e3_TVlossON_1e-3.png,0.5863473281410875
False,False,DARTER,ALL,1536,512,/home/durrmeyer/Images/StyleTransferImages/All_layers/GRAVELxFISH04_colorcontrolOFF_1vs1e3_TVlossON_1e-3.png,0.6370590781473661
False,False,DARTER,ALL,1536,512,/home/durrmeyer/Images/StyleTransferImages/All_layers/DETRITUSxFISH10_colorcontrolON_1vs1e3_TVlossON_1e-3.png,0.8143537927774737
False,False,DARTER,ALL,1536,512,/home/durrmeyer/Images/StyleTransferImages/All_layers/DETRITUSxFISH04_colorcontrolOFF_1vs1e3_TVlossON_1e-3.png,0.7054189258342637
False,False,DARTER,ALL,1536,512,/home/durrmeyer/Images/StyleTransferImages/All_layers/BOULDERxFISH04_colorcontrolON_1vs1e3_TVlossON_1e-3.png,0.7481393685832717
False,False,DARTER,ALL,1536,512,/home/durrmeyer/Images/StyleTransferImages/All_layers/BOULDERxSANDxFISH01_colorcontrolOFF_1vs1e3_TVlossON_1e-3.png,0.6245217550486117
False,False,DARTER,ALL,1536,512,/home/durrmeyer/Images/StyleTransferImages/All_layers/PLANTSxFISH10_colorcontrolOFF_1vs1e3_TVlossON_1e-3.png,0.707751386672158
False,False,DARTER,ALL,1536,512,/home/durrmeyer/Images/StyleTransferImages/All_layers/BOULDERxSANDxFISH01_colorcontrolON_1vs1e3_TVlossON_1e-3.png,0.6869245005669373
False,False,DARTER,ALL,1536,512,/home/durrmeyer/Images/StyleTransferImages/All_layers/DETRITUSxFISH04_colorcontrolON_1vs1e3_TVlossON_1e-3.png,0.9102656372775164
False,False,DARTER,ALL,1536,512,/home/durrmeyer/Images/StyleTransferImages/All_layers/GRAVELxFISH02_colorcontrolON_1vs1e3_TVlossON_1e-3.png,0.6356955784581212
False,False,DARTER,ALL,1536,512,/home/durrmeyer/Images/StyleTransferImages/All_layers/PLANTSxFISH01_colorcontrolOFF_1vs1e3_TVlossON_1e-3.png,0.6824926007256025
False,False,DARTER,ALL,1536,512,/home/durrmeyer/Images/StyleTransferImages/All_layers/BOULDERxSANDxFISH03_colorcontrolOFF_1vs1e3_TVlossON_1e-3.png,0.6973086888628386
False,False,DARTER,ALL,1536,512,/home/durrmeyer/Images/StyleTransferImages/All_layers/SANDxFISH10_colorcontrolON_1vs1e3_TVlossON_1e-3.png,0.6927134612793385
False,False,DARTER,ALL,1536,512,/home/durrmeyer/Images/StyleTransferImages/All_layers/GRAVELxFISH02_colorcontrolOFF_1vs1e3_TVlossON_1e-3.png,0.6487692534939216
False,False,DARTER,ALL,1536,512,/home/durrmeyer/Images/StyleTransferImages/All_layers/BOULDERxSANDxFISH10_colorcontrolON_1vs1e3_TVlossON_1e-3.png,0.7393126907401972
False,False,DARTER,ALL,1536,512,/home/durrmeyer/Images/StyleTransferImages/FISH_images/FISH09_cropped_3000x1000_CAER_REDR_M09.jpg,0.6043158110037912
False,False,DARTER,ALL,1536,512,/home/durrmeyer/Images/StyleTransferImages/FISH_images/FISH02_cropped_3000x1000_CAER_REDR_M02.jpg,0.5109973580242112
False,False,DARTER,ALL,1536,512,/home/durrmeyer/Images/StyleTransferImages/FISH_images/FISH06_cropped_3000x1000_CAER_REDR_M06.jpg,0.5616975430482805
False,False,DARTER,ALL,1536,512,/home/durrmeyer/Images/StyleTransferImages/FISH_images/FISH07_cropped_3000x1000_CAER_REDR_M07.jpg,0.5331292751910864
False,False,DARTER,ALL,1536,512,/home/durrmeyer/Images/StyleTransferImages/FISH_images/FISH08_cropped_3000x1000_CAER_REDR_M08.jpg,0.574357137059127
False,False,DARTER,ALL,1536,512,/home/durrmeyer/Images/StyleTransferImages/FISH_images/FISH03_cropped_3000x1000_CAER_REDR_M03.jpg,0.6799463987127792
False,False,DARTER,ALL,1536,512,/home/durrmeyer/Images/StyleTransferImages/FISH_images/FISH10_cropped_3000x1000_CAER_REDR_M10.jpg,0.6930798385942585
False,False,DARTER,ALL,1536,512,/home/durrmeyer/Images/StyleTransferImages/FISH_images/FISH04_cropped_3000x1000_CAER_REDR_M04.jpg,0.783334442589588
False,False,DARTER,ALL,1536,512,/home/durrmeyer/Images/StyleTransferImages/FISH_images/FISH01_cropped_3000x1000_CAER_REDR_M01.jpg,0.6523081735982306
False,False,DARTER,ALL,1536,512,/home/durrmeyer/Images/StyleTransferImages/HABITAT_images/GRAVELxALGAE_cropped_3000x1000_middle_tt_resized_div1_5_52A5807defWB.jpg,0.8359209547395745
False,False,DARTER,ALL,1536,512,/home/durrmeyer/Images/StyleTransferImages/HABITAT_images/BOULDER_cropped_3000x1000_middle_tt_resized_div1_5_52A5691defWB.jpg,0.8504748409039246
False,False,DARTER,ALL,1536,512,/home/durrmeyer/Images/StyleTransferImages/HABITAT_images/BOULDERxSAND_Eolmstedi_cropped_3000x1000_middle_tt_resized_div1_5_52A6174defWB.jpg,0.7936208378090495
False,False,DARTER,ALL,1536,512,/home/durrmeyer/Images/StyleTransferImages/HABITAT_images/GRAVEL_cropped_3000x1000_middle_tt_resized_div1_5_52A5680defWB.jpg,0.7815910903646907
False,False,DARTER,ALL,1536,512,/home/durrmeyer/Images/StyleTransferImages/HABITAT_images/GRAVELxFLOOR_cropped_3000x1000_middle_tt_resized_div1_5_52A5809defWB.jpg,0.818284385858724
False,False,DARTER,ALL,1536,512,/home/durrmeyer/Images/StyleTransferImages/HABITAT_images/PLANTS_cropped_3000x1000_middle_tt_resized_div1_5_52A5711defWB.jpg,0.8380774899983789
False,False,DARTER,ALL,1536,512,/home/durrmeyer/Images/StyleTransferImages/HABITAT_images/DETRITUS_cropped_3000x1000_middle_tt_resized_div1_5_52A7724defWB.jpg,0.6198730922390396
False,False,DARTER,ALL,1536,512,/home/durrmeyer/Images/StyleTransferImages/HABITAT_images/SAND_Eolmstedi_cropped_3000x1000_middle_tt_resized_div1_5_52A6208defWB.jpg,0.8004165367571714
False,False,DARTER,ALL,1536,512,/home/durrmeyer/Images/StyleTransferImages/Layers_1and2/BOULDERxSANDxFISH02_colorcontrolON_1vs1e3_TVlossON_1e-3_layers1and2.png,0.5981378035823754
False,False,DARTER,ALL,1536,512,/home/durrmeyer/Images/StyleTransferImages/Layers_1and2/PLANTSxFISH01_colorcontrolOFF_1vs1e3_TVlossON_1e-3_layers1and2.png,0.7288867593933418
False,False,DARTER,ALL,1536,512,/home/durrmeyer/Images/StyleTransferImages/Layers_1and2/GRAVELxFISH04_colorcontrolOFF_1vs1e3_TVlossON_1e-3_layers1and2.png,0.6876128924952861
False,False,DARTER,ALL,1536,512,/home/durrmeyer/Images/StyleTransferImages/Layers_1and2/DETRITUSxFISH10_colorcontrolON_1vs1e3_TVlossON_1e-3_layers1and2.png,0.8383371900346259
False,False,DARTER,ALL,1536,512,/home/durrmeyer/Images/StyleTransferImages/Layers_1and2/BOULDERxSANDxFISH03_colorcontrolON_1vs1e3_TVlossON_1e-3_layers1and2.png,0.7451665633060951
False,False,DARTER,ALL,1536,512,/home/durrmeyer/Images/StyleTransferImages/Layers_1and2/BOULDERxSANDxFISH04_colorcontrolON_1vs1e3_TVlossON_1e-3_layers1and2.png,0.8566065907109766
False,False,DARTER,ALL,1536,512,/home/durrmeyer/Images/StyleTransferImages/Layers_1and2/SANDxFISH10_colorcontrolOFF_1vs1e3_TVlossON_1e-3_layers1and2.png,0.6812377031288298
False,False,DARTER,ALL,1536,512,/home/durrmeyer/Images/StyleTransferImages/Layers_1and2/SANDxFISH01_colorcontrolOFF_1vs1e3_TVlossON_1e-3_layers1and2.png,0.7255277273743944
False,False,DARTER,ALL,1536,512,/home/durrmeyer/Images/StyleTransferImages/Layers_1and2/PLANTSxFISH04_colorcontrolOFF_1vs1e3_TVlossON_1e-3_layers1and2.png,0.780997655369349
False,False,DARTER,ALL,1536,512,/home/durrmeyer/Images/StyleTransferImages/Layers_1and2/PlantsxFISH10_colorcontrolON_1vs1e3_TVlossON_1e-3_layers1and2.png,0.8039797913317771
False,False,DARTER,ALL,1536,512,/home/durrmeyer/Images/StyleTransferImages/Layers_1and2/SANDxFISH01_colorcontrolON_1vs1e3_TVlossON_1e-3_layers1and2.png,0.746784243048464
False,False,DARTER,ALL,1536,512,/home/durrmeyer/Images/StyleTransferImages/Layers_1and2/GRAVELxFISH03_colorcontrolOFF_1vs1e3_TVlossON_1e-3_layers1and2.png,0.6938520347469807
False,False,DARTER,ALL,1536,512,/home/durrmeyer/Images/StyleTransferImages/Layers_1and2/DETRITUSxFISH01_colorcontrolON_1vs1e3_TVlossON_1e-3_layers1and2.png,0.8503940037456553
False,False,DARTER,ALL,1536,512,/home/durrmeyer/Images/StyleTransferImages/Layers_1and2/PLANTSxFISH02_colorcontrolON_1vs1e3_TVlossON_1e-3_layers1and2.png,0.6224178783285252
False,False,DARTER,ALL,1536,512,/home/durrmeyer/Images/StyleTransferImages/Layers_1and2/DETRITUSxFISH01_colorcontrolOFF_1vs1e3_TVlossON_1e-3_layers1and2.png,0.7196971553771306
False,False,DARTER,ALL,1536,512,/home/durrmeyer/Images/StyleTransferImages/Layers_1and2/GRAVELxFISH02_colorcontrolON_1vs1e3_TVlossON_1e-3_layers1and2.png,0.6686342988262994
False,False,DARTER,ALL,1536,512,/home/durrmeyer/Images/StyleTransferImages/Layers_1and2/GRAVELxFISH01_colorcontrolOFF_1vs1e3_TVlossON_1e-3_layers1and2.png,0.6760058498765452
False,False,DARTER,ALL,1536,512,/home/durrmeyer/Images/StyleTransferImages/Layers_1and2/GRAVELxFISH10_colorcontrolOFF_1vs1e3_TVlossON_1e-3_layers1and2.png,0.6939998779210335
False,False,DARTER,ALL,1536,512,/home/durrmeyer/Images/StyleTransferImages/Layers_1and2/GRAVELxFISH02_colorcontrolOFF_1vs1e3_TVlossON_1e-3_layers1and2.png,0.6546162163822062
False,False,DARTER,ALL,1536,512,/home/durrmeyer/Images/StyleTransferImages/Layers_1and2/SANDxFISH04_colorcontrolON_1vs1e3_TVlossON_1e-3_layers1and2.png,0.84574963124705
False,False,DARTER,ALL,1536,512,/home/durrmeyer/Images/StyleTransferImages/Layers_1and2/BOULDERxFISH02_colorcontrolON_1vs1e3_TVlossON_1e-3_layers1and2.png,0.6232546582208534
False,False,DARTER,ALL,1536,512,/home/durrmeyer/Images/StyleTransferImages/Layers_1and2/BOULDERxFISH10_colorcontrolOFF_1vs1e3_TVlossON_1e-3_layers1and2.png,0.5676672556732815
False,False,DARTER,ALL,1536,512,/home/durrmeyer/Images/StyleTransferImages/Layers_1and2/DETRITUSxFISH03_colorcontrolON_1vs1e3_TVlossON_1e-3_layers1and2.png,0.8190420219227184
False,False,DARTER,ALL,1536,512,/home/durrmeyer/Images/StyleTransferImages/Layers_1and2/PLANTSxFISH03_colorcontrolON_1vs1e3_TVlossON_1e-3_layers1and2.png,0.7638236365292141
False,False,DARTER,ALL,1536,512,/home/durrmeyer/Images/StyleTransferImages/Layers_1and2/DETRITUSxFISH03_colorcontrolOFF_1vs1e3_TVlossON_1e-3_layers1and2.png,0.6620814970138077
False,False,DARTER,ALL,1536,512,/home/durrmeyer/Images/StyleTransferImages/Layers_1and2/DETRITUSxFISH02_colorcontrolOFF_1vs1e3_TVlossON_1e-3_layers1and2.png,0.6421105769660908
False,False,DARTER,ALL,1536,512,/home/durrmeyer/Images/StyleTransferImages/Layers_1and2/DETRITUSxFISH10_colorcontrolOFF_1vs1e3_TVlossON_1e-3_layers1and2.png,0.6303902203128043
False,False,DARTER,ALL,1536,512,/home/durrmeyer/Images/StyleTransferImages/Layers_1and2/BOULDERxSANDxFISH10_colorcontrolOFF_1vs1e3_TVlossON_1e-3_layers1and2.png,0.6675963235334623
False,False,DARTER,ALL,1536,512,/home/durrmeyer/Images/StyleTransferImages/Layers_1and2/BOULDERxFISH04_colorcontrolOFF_1vs1e3_TVlossON_1e-3_layers1and2.png,0.6945127489806432
False,False,DARTER,ALL,1536,512,/home/durrmeyer/Images/StyleTransferImages/Layers_1and2/BOULDERxSANDxFISH01_colorcontrolON_1vs1e3_TVlossON_1e-3_layers1and2.png,0.7043870885145803
False,False,DARTER,ALL,1536,512,/home/durrmeyer/Images/StyleTransferImages/Layers_1and2/SANDxFISH03_colorcontrolON_1vs1e3_TVlossON_1e-3_layers1and2.png,0.7696084384088354
False,False,DARTER,ALL,1536,512,/home/durrmeyer/Images/StyleTransferImages/Layers_1and2/PLANTSxFISH01_colorcontrolON_1vs1e3_TVlossON_1e-3_layers1and2.png,0.7249066287581014
False,False,DARTER,ALL,1536,512,/home/durrmeyer/Images/StyleTransferImages/Layers_1and2/BOULDERxSANDxFISH02_colorcontrolOFF_1vs1e3_TVlossON_1e-3_layers1and2.png,0.5562878852975748
False,False,DARTER,ALL,1536,512,/home/durrmeyer/Images/StyleTransferImages/Layers_1and2/BOULDERxSANDxFISH01_colorcontrolOFF_1vs1e3_TVlossON_1e-3_layers1and2.png,0.6419131614160328
False,False,DARTER,ALL,1536,512,/home/durrmeyer/Images/StyleTransferImages/Layers_1and2/GRAVELxFISH04_colorcontrolON_1vs1e3_TVlossON_1e-3_layers1and2.png,0.9012838755016865
False,False,DARTER,ALL,1536,512,/home/durrmeyer/Images/StyleTransferImages/Layers_1and2/BOULDERxSANDxFISH03_colorcontrolOFF_1vs1e3_TVlossON_1e-3_layers1and2.png,0.6535927336925057
False,False,DARTER,ALL,1536,512,/home/durrmeyer/Images/StyleTransferImages/Layers_1and2/PLANTSxFISH03_colorcontrolOFF_1vs1e3_TVlossON_1e-3_layers1and2.png,0.726928624255156
False,False,DARTER,ALL,1536,512,/home/durrmeyer/Images/StyleTransferImages/Layers_1and2/DETRITUSxFISH04_colorcontrolON_1vs1e3_TVlossON_1e-3_layers1and2.png,0.8896946484521311
False,False,DARTER,ALL,1536,512,/home/durrmeyer/Images/StyleTransferImages/Layers_1and2/BOULDERxFISH04_colorcontrolON_1vs1e3_TVlossON_1e-3_layers1and2.png,0.9070525349009164
False,False,DARTER,ALL,1536,512,/home/durrmeyer/Images/StyleTransferImages/Layers_1and2/PLANTSxFISH04_colorcontrolON_1vs1e3_TVlossON_1e-3_layers1and2.png,0.9073020257904881
False,False,DARTER,ALL,1536,512,/home/durrmeyer/Images/StyleTransferImages/Layers_1and2/SANDxFISH04_colorcontrolOFF_1vs1e3_TVlossON_1e-3_layers1and2.png,0.7152306554601181
False,False,DARTER,ALL,1536,512,/home/durrmeyer/Images/StyleTransferImages/Layers_1and2/PlantsxFISH10_colorcontrolOFF_1vs1e3_TVlossON_1e-3_layers1and2.png,0.6918636356396302
False,False,DARTER,ALL,1536,512,/home/durrmeyer/Images/StyleTransferImages/Layers_1and2/BOULDERxFISH03_colorcontrolON_1vs1e3_TVlossON_1e-3_layers1and2.png,0.7418959917986377
False,False,DARTER,ALL,1536,512,/home/durrmeyer/Images/StyleTransferImages/Layers_1and2/PLANTSxFISH02_colorcontrolOFF_1vs1e3_TVlossON_1e-3_layers1and2.png,0.6445023384715456
False,False,DARTER,ALL,1536,512,/home/durrmeyer/Images/StyleTransferImages/Layers_1and2/BOULDERxFISH03_colorcontrolOFF_1vs1e3_TVlossON_1e-3_layers1and2.png,0.5925403700600279
False,False,DARTER,ALL,1536,512,/home/durrmeyer/Images/StyleTransferImages/Layers_1and2/BOULDERxFISH02_colorcontrolOFF_1vs1e3_TVlossON_1e-3_layers1and2.png,0.48287146997390457
False,False,DARTER,ALL,1536,512,/home/durrmeyer/Images/StyleTransferImages/Layers_1and2/GRAVELxFISH03_colorcontrolON_1vs1e3_TVlossON_1e-3_layers1and2.png,0.7979255668659304
False,False,DARTER,ALL,1536,512,/home/durrmeyer/Images/StyleTransferImages/Layers_1and2/BOULDERxFISH01_colorcontrolOFF_1vs1e3_TVlossON_1e-3_layers1and2.png,0.5937483211946074
False,False,DARTER,ALL,1536,512,/home/durrmeyer/Images/StyleTransferImages/Layers_1and2/SANDxFISH10_colorcontrolON_1vs1e3_TVlossON_1e-3_layers1and2.png,0.7871019654047995
False,False,DARTER,ALL,1536,512,/home/durrmeyer/Images/StyleTransferImages/Layers_1and2/GRAVELxFISH10_colorcontrolON_1vs1e3_TVlossON_1e-3_layers1and2.png,0.9049517945065965
False,False,DARTER,ALL,1536,512,/home/durrmeyer/Images/StyleTransferImages/Layers_1and2/SANDxFISH02_colorcontrolOFF_1vs1e3_TVlossON_1e-3_layers1and2.png,0.6299905071323956
False,False,DARTER,ALL,1536,512,/home/durrmeyer/Images/StyleTransferImages/Layers_1and2/DETRITUSxFISH02_colorcontrolON_1vs1e3_TVlossON_1e-3_layers1and2.png,0.6995233671087262
False,False,DARTER,ALL,1536,512,/home/durrmeyer/Images/StyleTransferImages/Layers_1and2/BOULDERxFISH10_colorcontrolON_1vs1e3_TVlossON_1e-3_layers1and2.png,0.8451380449204486
False,False,DARTER,ALL,1536,512,/home/durrmeyer/Images/StyleTransferImages/Layers_1and2/BOULDERxFISH01_colorcontrolON_1vs1e3_TVlossON_1e-3_layers1and2.png,0.7169482486082367
False,False,DARTER,ALL,1536,512,/home/durrmeyer/Images/StyleTransferImages/Layers_1and2/BOULDERxSANDxFISH04_colorcontrolOFF_1vs1e3_TVlossON_1e-3_layers1and2.png,0.7056558705620971
False,False,DARTER,ALL,1536,512,/home/durrmeyer/Images/StyleTransferImages/Layers_1and2/SANDxFISH03_colorcontrolOFF_1vs1e3_TVlossON_1e-3_layers1and2.png,0.689366087164648
False,False,DARTER,ALL,1536,512,/home/durrmeyer/Images/StyleTransferImages/Layers_1and2/SANDxFISH02_colorcontrolON_1vs1e3_TVlossON_1e-3_layers1and2.png,0.6446686676436549
False,False,DARTER,ALL,1536,512,/home/durrmeyer/Images/StyleTransferImages/Layers_1and2/DETRITUSxFISH04_colorcontrolOFF_1vs1e3_TVlossON_1e-3_layers1and2.png,0.7159390499168597
False,False,DARTER,ALL,1536,512,/home/durrmeyer/Images/StyleTransferImages/Layers_1and2/BOULDERxSANDxFISH10_colorcontrolON_1vs1e3_TVlossON_1e-3_layers1and2.png,0.791282453467203
False,False,DARTER,ALL,1536,512,/home/durrmeyer/Images/StyleTransferImages/Layers_1and2/GRAVELxFISH01_colorcontrolON_1vs1e3_TVlossON_1e-3_layers1and2.png,0.7373139122051976
False,False,DARTER,ALL,1536,512,/home/durrmeyer/Images/StyleTransferImages/Layers_3to5/PLANTSxFISH10_colorcontrolOFF_1vs1e3_TVlossON_1e-3_layers3to5.png,0.7684981997051014
False,False,DARTER,ALL,1536,512,/home/durrmeyer/Images/StyleTransferImages/Layers_3to5/PLANTSxFISH03_colorcontrolOFF_1vs1e3_TVlossON_1e-3_layers3to5.png,0.6165781372404884
False,False,DARTER,ALL,1536,512,/home/durrmeyer/Images/StyleTransferImages/Layers_3to5/GRAVELxFISH04_colorcontrolOFF_1vs1e3_TVlossON_1e-3_layers3to5.png,0.848776239473175
False,False,DARTER,ALL,1536,512,/home/durrmeyer/Images/StyleTransferImages/Layers_3to5/GRAVELxFISH02_colorcontrolOFF_1vs1e3_TVlossON_1e-3_layers3to5.png,0.6981695740206687
False,False,DARTER,ALL,1536,512,/home/durrmeyer/Images/StyleTransferImages/Layers_3to5/SANDxFISH03_colorcontrolON_1vs1e3_TVlossON_1e-3_layers3to5.png,0.6002926132826605
False,False,DARTER,ALL,1536,512,/home/durrmeyer/Images/StyleTransferImages/Layers_3to5/BOULDERxFISH01_colorcontrolOFF_1vs1e3_TVlossON_1e-3_layers3to5.png,0.6996221937958792
False,False,DARTER,ALL,1536,512,/home/durrmeyer/Images/StyleTransferImages/Layers_3to5/DETRITUSxFISH01_colorcontrolOFF_1vs1e3_TVlossON_1e-3_layers3to5.png,0.6169908532795334
False,False,DARTER,ALL,1536,512,/home/durrmeyer/Images/StyleTransferImages/Layers_3to5/SANDxFISH01_colorcontrolON_1vs1e3_TVlossON_1e-3_layers3to5.png,0.5585357176664525
False,False,DARTER,ALL,1536,512,/home/durrmeyer/Images/StyleTransferImages/Layers_3to5/BOULDERxFISH03_colorcontrolON_1vs1e3_TVlossON_1e-3_layers3to5.png,0.7144912859714957
False,False,DARTER,ALL,1536,512,/home/durrmeyer/Images/StyleTransferImages/Layers_3to5/SANDxFISH04_colorcontrolON_1vs1e3_TVlossON_1e-3_layers3to5.png,0.7965889960899804
False,False,DARTER,ALL,1536,512,/home/durrmeyer/Images/StyleTransferImages/Layers_3to5/BOULDERxSANDxFISH02_colorcontrolON_1vs1e3_TVlossON_1e-3_layers3to5.png,0.5669947736550565
False,False,DARTER,ALL,1536,512,/home/durrmeyer/Images/StyleTransferImages/Layers_3to5/SANDxFISH03_colorcontrolOFF_1vs1e3_TVlossON_1e-3_layers3to5.png,0.6415922157940487
False,False,DARTER,ALL,1536,512,/home/durrmeyer/Images/StyleTransferImages/Layers_3to5/DETRITUSxFISH01_colorcontrolON_1vs1e3_TVlossON_1e-3_layers3to5.png,0.6657834224007146
False,False,DARTER,ALL,1536,512,/home/durrmeyer/Images/StyleTransferImages/Layers_3to5/BOULDERxSANDxFISH04_colorcontrolON_1vs1e3_TVlossON_1e-3_layers3to5.png,0.8679282189465075
False,False,DARTER,ALL,1536,512,/home/durrmeyer/Images/StyleTransferImages/Layers_3to5/PLANTSxFISH03_colorcontrolON_1vs1e3_TVlossON_1e-3_layers3to5.png,0.628003875595708
False,False,DARTER,ALL,1536,512,/home/durrmeyer/Images/StyleTransferImages/Layers_3to5/DETRITUSxFISH10_colorcontrolOFF_1vs1e3_TVlossON_1e-3_layers3to5.png,0.744563365101504
False,False,DARTER,ALL,1536,512,/home/durrmeyer/Images/StyleTransferImages/Layers_3to5/SANDxFISH01_colorcontrolOFF_1vs1e3_TVlossON_1e-3_layers3to5.png,0.5214949748275415
False,False,DARTER,ALL,1536,512,/home/durrmeyer/Images/StyleTransferImages/Layers_3to5/DETRITUSxFISH03_colorcontrolON_1vs1e3_TVlossON_1e-3_layers3to5.png,0.6987050235983236
False,False,DARTER,ALL,1536,512,/home/durrmeyer/Images/StyleTransferImages/Layers_3to5/GRAVELxFISH01_colorcontrolOFF_1vs1e3_TVlossON_1e-3_layers3to5.png,0.660522466057749
False,False,DARTER,ALL,1536,512,/home/durrmeyer/Images/StyleTransferImages/Layers_3to5/PLANTSxFISH04_colorcontrolOFF_1vs1e3_TVlossON_1e-3_layers3to5.png,0.776614828014616
False,False,DARTER,ALL,1536,512,/home/durrmeyer/Images/StyleTransferImages/Layers_3to5/BOULDERxSANDxFISH03_colorcontrolON_1vs1e3_TVlossON_1e-3_layers3to5.png,0.6727047731628075
False,False,DARTER,ALL,1536,512,/home/durrmeyer/Images/StyleTransferImages/Layers_3to5/BOULDERxFISH02_colorcontrolON_1vs1e3_TVlossON_1e-3_layers3to5.png,0.6215407428651177
False,False,DARTER,ALL,1536,512,/home/durrmeyer/Images/StyleTransferImages/Layers_3to5/DETRITUSxFISH02_colorcontrolOFF_1vs1e3_TVlossON_1e-3_layers3to5.png,0.6520473481465299
False,False,DARTER,ALL,1536,512,/home/durrmeyer/Images/StyleTransferImages/Layers_3to5/BOULDERxSANDxFISH01_colorcontrolON_1vs1e3_TVlossON_1e-3_layers3to5.png,0.6579152791207685
False,False,DARTER,ALL,1536,512,/home/durrmeyer/Images/StyleTransferImages/Layers_3to5/GRAVELxFISH10_colorcontrolON_1vs1e3_TVlossON_1e-3_layers3to5.png,0.7504655575614719
False,False,DARTER,ALL,1536,512,/home/durrmeyer/Images/StyleTransferImages/Layers_3to5/GRAVELxFISH02_colorcontrolON_1vs1e3_TVlossON_1e-3_layers3to5.png,0.6151835452281811
False,False,DARTER,ALL,1536,512,/home/durrmeyer/Images/StyleTransferImages/Layers_3to5/GRAVELxFISH03_colorcontrolOFF_1vs1e3_TVlossON_1e-3_layers3to5.png,0.7176571526858622
False,False,DARTER,ALL,1536,512,/home/durrmeyer/Images/StyleTransferImages/Layers_3to5/GRAVELxFISH01_colorcontrolON_1vs1e3_TVlossON_1e-3_layers3to5.png,0.6587175623003145
False,False,DARTER,ALL,1536,512,/home/durrmeyer/Images/StyleTransferImages/Layers_3to5/PLANTSxFISH10_colorcontrolON_1vs1e3_TVlossON_1e-3_layers3to5.png,0.7555474704008904
False,False,DARTER,ALL,1536,512,/home/durrmeyer/Images/StyleTransferImages/Layers_3to5/DETRITUSxFISH04_colorcontrolON_1vs1e3_TVlossON_1e-3_layers3to5.png,0.836952971533369
False,False,DARTER,ALL,1536,512,/home/durrmeyer/Images/StyleTransferImages/Layers_3to5/PLANTSxFISH01_colorcontrolON_1vs1e3_TVlossON_1e-3_layers3to5.png,0.6323864579452033
False,False,DARTER,ALL,1536,512,/home/durrmeyer/Images/StyleTransferImages/Layers_3to5/DETRITUSxFISH02_colorcontrolON_1vs1e3_TVlossON_1e-3_layers3to5.png,0.644748315437563
False,False,DARTER,ALL,1536,512,/home/durrmeyer/Images/StyleTransferImages/Layers_3to5/DETRITUSxFISH10_colorcontrolON_1vs1e3_TVlossON_1e-3_layers3to5.png,0.8086018570575079
False,False,DARTER,ALL,1536,512,/home/durrmeyer/Images/StyleTransferImages/Layers_3to5/GRAVELxFISH03_colorcontrolON_1vs1e3_TVlossON_1e-3_layers3to5.png,0.7042259262952799
False,False,DARTER,ALL,1536,512,/home/durrmeyer/Images/StyleTransferImages/Layers_3to5/BOULDERxSANDxFISH10_colorcontrolOFF_1vs1e3_TVlossON_1e-3_layers3to5.png,0.7695613971024889
False,False,DARTER,ALL,1536,512,/home/durrmeyer/Images/StyleTransferImages/Layers_3to5/SANDxFISH04_colorcontrolOFF_1vs1e3_TVlossON_1e-3_layers3to5.png,0.876213129427404
False,False,DARTER,ALL,1536,512,/home/durrmeyer/Images/StyleTransferImages/Layers_3to5/BOULDERxSANDxFISH03_colorcontrolOFF_1vs1e3_TVlossON_1e-3_layers3to5.png,0.6633773175810612
False,False,DARTER,ALL,1536,512,/home/durrmeyer/Images/StyleTransferImages/Layers_3to5/PLANTSxFISH01_colorcontrolOFF_1vs1e3_TVlossON_1e-3_layers3to5.png,0.6272768996431595
False,False,DARTER,ALL,1536,512,/home/durrmeyer/Images/StyleTransferImages/Layers_3to5/SANDxFISH02_colorcontrolOFF_1vs1e3_TVlossON_1e-3_layers3to5.png,0.564168330960417
False,False,DARTER,ALL,1536,512,/home/durrmeyer/Images/StyleTransferImages/Layers_3to5/BOULDERxSANDxFISH10_colorcontrolON_1vs1e3_TVlossON_1e-3_layers3to5.png,0.756371444416569
False,False,DARTER,ALL,1536,512,/home/durrmeyer/Images/StyleTransferImages/Layers_3to5/PLANTSxFISH02_colorcontrolOFF_1vs1e3_TVlossON_1e-3_layers3to5.png,0.5706634046274975
False,False,DARTER,ALL,1536,512,/home/durrmeyer/Images/StyleTransferImages/Layers_3to5/BOULDERxSANDxFISH02_colorcontrolOFF_1vs1e3_TVlossON_1e-3_layers3to5.png,0.6411215062408162
False,False,DARTER,ALL,1536,512,/home/durrmeyer/Images/StyleTransferImages/Layers_3to5/BOULDERxFISH10_colorcontrolOFF_1vs1e3_TVlossON_1e-3_layers3to5.png,0.7966694220241393
False,False,DARTER,ALL,1536,512,/home/durrmeyer/Images/StyleTransferImages/Layers_3to5/GRAVELxFISH10_colorcontrolOFF_1vs1e3_TVlossON_1e-3_layers3to5.png,0.7769497198559494
False,False,DARTER,ALL,1536,512,/home/durrmeyer/Images/StyleTransferImages/Layers_3to5/SANDxFISH10_colorcontrolON_1vs1e3_TVlossON_1e-3_layers3to5.png,0.7004939153300372
False,False,DARTER,ALL,1536,512,/home/durrmeyer/Images/StyleTransferImages/Layers_3to5/BOULDERxFISH04_colorcontrolOFF_1vs1e3_TVlossON_1e-3_layers3to5.png,0.8381385604912184
False,False,DARTER,ALL,1536,512,/home/durrmeyer/Images/StyleTransferImages/Layers_3to5/BOULDERxFISH01_colorcontrolON_1vs1e3_TVlossON_1e-3_layers3to5.png,0.7104313562713184
False,False,DARTER,ALL,1536,512,/home/durrmeyer/Images/StyleTransferImages/Layers_3to5/BOULDERxSANDxFISH01_colorcontrolOFF_1vs1e3_TVlossON_1e-3_layers3to5.png,0.650549531179821
False,False,DARTER,ALL,1536,512,/home/durrmeyer/Images/StyleTransferImages/Layers_3to5/BOULDERxFISH02_colorcontrolOFF_1vs1e3_TVlossON_1e-3_layers3to5.png,0.6604433172710749
False,False,DARTER,ALL,1536,512,/home/durrmeyer/Images/StyleTransferImages/Layers_3to5/BOULDERxSANDxFISH04_colorcontrolOFF_1vs1e3_TVlossON_1e-3_layers3to5.png,0.9089773896995909
False,False,DARTER,ALL,1536,512,/home/durrmeyer/Images/StyleTransferImages/Layers_3to5/BOULDERxFISH10_colorcontrolON_1vs1e3_TVlossON_1e-3_layers3to5.png,0.7912879363246695
False,False,DARTER,ALL,1536,512,/home/durrmeyer/Images/StyleTransferImages/Layers_3to5/DETRITUSxFISH04_colorcontrolOFF_1vs1e3_TVlossON_1e-3_layers3to5.png,0.7566585729095515
False,False,DARTER,ALL,1536,512,/home/durrmeyer/Images/StyleTransferImages/Layers_3to5/DETRITUSxFISH03_colorcontrolOFF_1vs1e3_TVlossON_1e-3_layers3to5.png,0.6897457867174801
False,False,DARTER,ALL,1536,512,/home/durrmeyer/Images/StyleTransferImages/Layers_3to5/SANDxFISH02_colorcontrolON_1vs1e3_TVlossON_1e-3_layers3to5.png,0.4890072825195609
False,False,DARTER,ALL,1536,512,/home/durrmeyer/Images/StyleTransferImages/Layers_3to5/BOULDERxFISH04_colorcontrolON_1vs1e3_TVlossON_1e-3_layers3to5.png,0.8179640542834162
False,False,DARTER,ALL,1536,512,/home/durrmeyer/Images/StyleTransferImages/Layers_3to5/SANDxFISH10_colorcontrolOFF_1vs1e3_TVlossON_1e-3_layers3to5.png,0.6952477650001937
False,False,DARTER,ALL,1536,512,/home/durrmeyer/Images/StyleTransferImages/Layers_3to5/PLANTSxFISH02_colorcontrolON_1vs1e3_TVlossON_1e-3_layers3to5.png,0.5348017302001276
False,False,DARTER,ALL,1536,512,/home/durrmeyer/Images/StyleTransferImages/Layers_3to5/BOULDERxFISH03_colorcontrolOFF_1vs1e3_TVlossON_1e-3_layers3to5.png,0.7062773141361168
False,False,DARTER,ALL,1536,512,/home/durrmeyer/Images/StyleTransferImages/Layers_3to5/PLANTSxFISH04_colorcontrolON_1vs1e3_TVlossON_1e-3_layers3to5.png,0.7865357456877058
False,False,DARTER,ALL,1536,512,/home/durrmeyer/Images/StyleTransferImages/Layers_3to5/GRAVELxFISH04_colorcontrolON_1vs1e3_TVlossON_1e-3_layers3to5.png,0.8232343493090699
False,False,DARTER,ALL,1536,512,/home/durrmeyer/Images/StyleTransferImages/All_layers/DETRITUSxFISH01_colorcontrolON_1vs1e3_TVlossON_1e-3.png,0.7774479741554846
False,False,DARTER,ALL,1536,512,/home/durrmeyer/Images/StyleTransferImages/All_layers/SANDxFISH02_colorcontrolOFF_1vs1e3_TVlossON_1e-3.png,0.5330525570610798
False,False,DARTER,ALL,1536,512,/home/durrmeyer/Images/StyleTransferImages/All_layers/BOULDERxFISH04_colorcontrolOFF_1vs1e3_TVlossON_1e-3.png,0.6899309928295747
False,False,DARTER,ALL,1536,512,/home/durrmeyer/Images/StyleTransferImages/All_layers/DETRITUSxFISH01_colorcontrolOFF_1vs1e3_TVlossON_1e-3.png,0.669135790289901
False,False,DARTER,ALL,1536,512,/home/durrmeyer/Images/StyleTransferImages/All_layers/DETRITUSxFISH02_colorcontrolOFF_1vs1e3_TVlossON_1e-3.png,0.6665895450062729
False,False,DARTER,ALL,1536,512,/home/durrmeyer/Images/StyleTransferImages/All_layers/DETRITUSxFISH10_colorcontrolOFF_1vs1e3_TVlossON_1e-3.png,0.7221119167667867
False,False,DARTER,ALL,1536,512,/home/durrmeyer/Images/StyleTransferImages/All_layers/GRAVELxFISH10_colorcontrolOFF_1vs1e3_TVlossON_1e-3.png,0.7075935401883579
False,False,DARTER,ALL,1536,512,/home/durrmeyer/Images/StyleTransferImages/All_layers/PLANTSxFISH04_colorcontrolOFF_1vs1e3_TVlossON_1e-3.png,0.8237332475033189
False,False,DARTER,ALL,1536,512,/home/durrmeyer/Images/StyleTransferImages/All_layers/GRAVELxFISH10_colorcontrolON_1vs1e3_TVlossON_1e-3.png,0.7424151478991275
False,False,DARTER,ALL,1536,512,/home/durrmeyer/Images/StyleTransferImages/All_layers/PLANTSxFISH03_colorcontrolOFF_1vs1e3_TVlossON_1e-3.png,0.7472943378012467
False,False,DARTER,ALL,1536,512,/home/durrmeyer/Images/StyleTransferImages/All_layers/BOULDERxFISH01_colorcontrolOFF_1vs1e3_TVlossON_1e-3.png,0.6559375917709631
False,False,DARTER,ALL,1536,512,/home/durrmeyer/Images/StyleTransferImages/All_layers/PLANTSxFISH03_colorcontrolON_1vs1e3_TVlossON_1e-3.png,0.7289051470935556
False,False,DARTER,ALL,1536,512,/home/durrmeyer/Images/StyleTransferImages/All_layers/GRAVELxFISH03_colorcontrolOFF_1vs1e3_TVlossON_1e-3.png,0.6735878240938975
False,False,DARTER,ALL,1536,512,/home/durrmeyer/Images/StyleTransferImages/All_layers/GRAVELxFISH03_colorcontrolON_1vs1e3_TVlossON_1e-3.png,0.683146171686612
False,False,DARTER,ALL,1536,512,/home/durrmeyer/Images/StyleTransferImages/All_layers/DETRITUSxFISH02_colorcontrolON_1vs1e3_TVlossON_1e-3.png,0.7032869221365968
False,False,DARTER,ALL,1536,512,/home/durrmeyer/Images/StyleTransferImages/All_layers/SANDxFISH04_colorcontrolON_1vs1e3_TVlossON_1e-3.png,0.8057417530769985
False,False,DARTER,ALL,1536,512,/home/durrmeyer/Images/StyleTransferImages/All_layers/GRAVELxFISH01_colorcontrolOFF_1vs1e3_TVlossON_1e-3.png,0.6489987945674065
False,False,DARTER,ALL,1536,512,/home/durrmeyer/Images/StyleTransferImages/All_layers/SANDxFISH02_colorcontrolON_1vs1e3_TVlossON_1e-3.png,0.5548061577544647
False,False,DARTER,ALL,1536,512,/home/durrmeyer/Images/StyleTransferImages/All_layers/GRAVELxFISH01_colorcontrolON_1vs1e3_TVlossON_1e-3.png,0.6798481234965891
False,False,DARTER,ALL,1536,512,/home/durrmeyer/Images/StyleTransferImages/All_layers/BOULDERxSANDxFISH02_colorcontrolON_1vs1e3_TVlossON_1e-3.png,0.6432386618313176
False,False,DARTER,ALL,1536,512,/home/durrmeyer/Images/StyleTransferImages/All_layers/BOULDERxSANDxFISH04_colorcontrolON_1vs1e3_TVlossON_1e-3.png,0.8586712488277106
False,False,DARTER,ALL,1536,512,/home/durrmeyer/Images/StyleTransferImages/All_layers/PLANTSxFISH02_colorcontrolON_1vs1e3_TVlossON_1e-3.png,0.589848061703416
False,False,DARTER,ALL,1536,512,/home/durrmeyer/Images/StyleTransferImages/All_layers/BOULDERxFISH02_colorcontrolOFF_1vs1e3_TVlossON_1e-3.png,0.6240619153786983
False,False,DARTER,ALL,1536,512,/home/durrmeyer/Images/StyleTransferImages/All_layers/PLANTSxFISH10_colorcontrolON_1vs1e3_TVlossON_1e-3.png,0.7253008249249572
False,False,DARTER,ALL,1536,512,/home/durrmeyer/Images/StyleTransferImages/All_layers/PLANTSxFISH04_colorcontrolON_1vs1e3_TVlossON_1e-3.png,0.8813324052907135
False,False,DARTER,ALL,1536,512,/home/durrmeyer/Images/StyleTransferImages/All_layers/SANDxFISH01_colorcontrolON_1vs1e3_TVlossON_1e-3.png,0.6477578202564689
False,False,DARTER,ALL,1536,512,/home/durrmeyer/Images/StyleTransferImages/All_layers/BOULDERxFISH03_colorcontrolOFF_1vs1e3_TVlossON_1e-3.png,0.6590516499452752
False,False,DARTER,ALL,1536,512,/home/durrmeyer/Images/StyleTransferImages/All_layers/SANDxFISH04_colorcontrolOFF_1vs1e3_TVlossON_1e-3.png,0.6444102396675739
False,False,DARTER,ALL,1536,512,/home/durrmeyer/Images/StyleTransferImages/All_layers/BOULDERxFISH10_colorcontrolON_1vs1e3_TVlossON_1e-3.png,0.8071799537873602
False,False,DARTER,ALL,1536,512,/home/durrmeyer/Images/StyleTransferImages/All_layers/BOULDERxFISH02_colorcontrolON_1vs1e3_TVlossON_1e-3.png,0.6371517625768764
False,False,DARTER,ALL,1536,512,/home/durrmeyer/Images/StyleTransferImages/All_layers/BOULDERxSANDxFISH10_colorcontrolOFF_1vs1e3_TVlossON_1e-3.png,0.6889967422539865
False,False,DARTER,ALL,1536,512,/home/durrmeyer/Images/StyleTransferImages/All_layers/PLANTSxFISH01_colorcontrolON_1vs1e3_TVlossON_1e-3.png,0.6843389130663649
False,False,DARTER,ALL,1536,512,/home/durrmeyer/Images/StyleTransferImages/All_layers/SANDxFISH03_colorcontrolOFF_1vs1e3_TVlossON_1e-3.png,0.6401099500862809
False,False,DARTER,ALL,1536,512,/home/durrmeyer/Images/StyleTransferImages/All_layers/PLANTSxFISH02_colorcontrolOFF_1vs1e3_TVlossON_1e-3.png,0.6230047459803242
False,False,DARTER,ALL,1536,512,/home/durrmeyer/Images/StyleTransferImages/All_layers/SANDxFISH10_colorcontrolOFF_1vs1e3_TVlossON_1e-3.png,0.6258462570167327
False,False,DARTER,ALL,1536,512,/home/durrmeyer/Images/StyleTransferImages/All_layers/BOULDERxFISH10_colorcontrolOFF_1vs1e3_TVlossON_1e-3.png,0.7184107522648451
False,False,DARTER,ALL,1536,512,/home/durrmeyer/Images/StyleTransferImages/All_layers/SANDxFISH03_colorcontrolON_1vs1e3_TVlossON_1e-3.png,0.6781652025287479
False,False,DARTER,ALL,1536,512,/home/durrmeyer/Images/StyleTransferImages/All_layers/DETRITUSxFISH03_colorcontrolON_1vs1e3_TVlossON_1e-3.png,0.8018170788566912
False,False,DARTER,ALL,1536,512,/home/durrmeyer/Images/StyleTransferImages/All_layers/DETRITUSxFISH03_colorcontrolOFF_1vs1e3_TVlossON_1e-3.png,0.7202337298837198
False,False,DARTER,ALL,1536,512,/home/durrmeyer/Images/StyleTransferImages/All_layers/SANDxFISH01_colorcontrolOFF_1vs1e3_TVlossON_1e-3.png,0.5502260636922404
False,False,DARTER,ALL,1536,512,/home/durrmeyer/Images/StyleTransferImages/All_layers/BOULDERxSANDxFISH04_colorcontrolOFF_1vs1e3_TVlossON_1e-3.png,0.707949920995135
False,False,DARTER,ALL,1536,512,/home/durrmeyer/Images/StyleTransferImages/All_layers/BOULDERxSANDxFISH03_colorcontrolON_1vs1e3_TVlossON_1e-3.png,0.7374098803810218
False,False,DARTER,ALL,1536,512,/home/durrmeyer/Images/StyleTransferImages/All_layers/BOULDERxFISH01_colorcontrolON_1vs1e3_TVlossON_1e-3.png,0.6808049803257341
False,False,DARTER,ALL,1536,512,/home/durrmeyer/Images/StyleTransferImages/All_layers/GRAVELxFISH04_colorcontrolON_1vs1e3_TVlossON_1e-3.png,0.7185918861618272
False,False,DARTER,ALL,1536,512,/home/durrmeyer/Images/StyleTransferImages/All_layers/BOULDERxFISH03_colorcontrolON_1vs1e3_TVlossON_1e-3.png,0.6884878299257003
False,False,DARTER,ALL,1536,512,/home/durrmeyer/Images/StyleTransferImages/All_layers/BOULDERxSANDxFISH02_colorcontrolOFF_1vs1e3_TVlossON_1e-3.png,0.5863473281410879
False,False,DARTER,ALL,1536,512,/home/durrmeyer/Images/StyleTransferImages/All_layers/GRAVELxFISH04_colorcontrolOFF_1vs1e3_TVlossON_1e-3.png,0.6370590781473658
False,False,DARTER,ALL,1536,512,/home/durrmeyer/Images/StyleTransferImages/All_layers/DETRITUSxFISH10_colorcontrolON_1vs1e3_TVlossON_1e-3.png,0.8143537927774733
False,False,DARTER,ALL,1536,512,/home/durrmeyer/Images/StyleTransferImages/All_layers/DETRITUSxFISH04_colorcontrolOFF_1vs1e3_TVlossON_1e-3.png,0.705418925834264
False,False,DARTER,ALL,1536,512,/home/durrmeyer/Images/StyleTransferImages/All_layers/BOULDERxFISH04_colorcontrolON_1vs1e3_TVlossON_1e-3.png,0.7481393685832721
False,False,DARTER,ALL,1536,512,/home/durrmeyer/Images/StyleTransferImages/All_layers/BOULDERxSANDxFISH01_colorcontrolOFF_1vs1e3_TVlossON_1e-3.png,0.6245217550486116
False,False,DARTER,ALL,1536,512,/home/durrmeyer/Images/StyleTransferImages/All_layers/PLANTSxFISH10_colorcontrolOFF_1vs1e3_TVlossON_1e-3.png,0.7077513866721583
False,False,DARTER,ALL,1536,512,/home/durrmeyer/Images/StyleTransferImages/All_layers/BOULDERxSANDxFISH01_colorcontrolON_1vs1e3_TVlossON_1e-3.png,0.6869245005669373
False,False,DARTER,ALL,1536,512,/home/durrmeyer/Images/StyleTransferImages/All_layers/DETRITUSxFISH04_colorcontrolON_1vs1e3_TVlossON_1e-3.png,0.9102656372775169
False,False,DARTER,ALL,1536,512,/home/durrmeyer/Images/StyleTransferImages/All_layers/GRAVELxFISH02_colorcontrolON_1vs1e3_TVlossON_1e-3.png,0.6356955784581211
False,False,DARTER,ALL,1536,512,/home/durrmeyer/Images/StyleTransferImages/All_layers/PLANTSxFISH01_colorcontrolOFF_1vs1e3_TVlossON_1e-3.png,0.6824926007256021
False,False,DARTER,ALL,1536,512,/home/durrmeyer/Images/StyleTransferImages/All_layers/BOULDERxSANDxFISH03_colorcontrolOFF_1vs1e3_TVlossON_1e-3.png,0.697308688862838
False,False,DARTER,ALL,1536,512,/home/durrmeyer/Images/StyleTransferImages/All_layers/SANDxFISH10_colorcontrolON_1vs1e3_TVlossON_1e-3.png,0.6927134612793389
False,False,DARTER,ALL,1536,512,/home/durrmeyer/Images/StyleTransferImages/All_layers/GRAVELxFISH02_colorcontrolOFF_1vs1e3_TVlossON_1e-3.png,0.6487692534939211
False,False,DARTER,ALL,1536,512,/home/durrmeyer/Images/StyleTransferImages/All_layers/BOULDERxSANDxFISH10_colorcontrolON_1vs1e3_TVlossON_1e-3.png,0.7393126907401971
False,False,DARTER,ALL,1536,512,/home/durrmeyer/Images/StyleTransferImages/FISH_images/FISH09_cropped_3000x1000_CAER_REDR_M09.jpg,0.6043158110037918
False,False,DARTER,ALL,1536,512,/home/durrmeyer/Images/StyleTransferImages/FISH_images/FISH02_cropped_3000x1000_CAER_REDR_M02.jpg,0.5109973580242112
False,False,DARTER,ALL,1536,512,/home/durrmeyer/Images/StyleTransferImages/FISH_images/FISH06_cropped_3000x1000_CAER_REDR_M06.jpg,0.5616975430482806
False,False,DARTER,ALL,1536,512,/home/durrmeyer/Images/StyleTransferImages/FISH_images/FISH07_cropped_3000x1000_CAER_REDR_M07.jpg,0.5331292751910863
False,False,DARTER,ALL,1536,512,/home/durrmeyer/Images/StyleTransferImages/FISH_images/FISH08_cropped_3000x1000_CAER_REDR_M08.jpg,0.5743571370591263
False,False,DARTER,ALL,1536,512,/home/durrmeyer/Images/StyleTransferImages/FISH_images/FISH03_cropped_3000x1000_CAER_REDR_M03.jpg,0.6799463987127788
False,False,DARTER,ALL,1536,512,/home/durrmeyer/Images/StyleTransferImages/FISH_images/FISH10_cropped_3000x1000_CAER_REDR_M10.jpg,0.6930798385942586
False,False,DARTER,ALL,1536,512,/home/durrmeyer/Images/StyleTransferImages/FISH_images/FISH04_cropped_3000x1000_CAER_REDR_M04.jpg,0.7833344425895883
False,False,DARTER,ALL,1536,512,/home/durrmeyer/Images/StyleTransferImages/FISH_images/FISH01_cropped_3000x1000_CAER_REDR_M01.jpg,0.6523081735982307
False,False,DARTER,ALL,1536,512,/home/durrmeyer/Images/StyleTransferImages/HABITAT_images/GRAVELxALGAE_cropped_3000x1000_middle_tt_resized_div1_5_52A5807defWB.jpg,0.8359209547395747
False,False,DARTER,ALL,1536,512,/home/durrmeyer/Images/StyleTransferImages/HABITAT_images/BOULDER_cropped_3000x1000_middle_tt_resized_div1_5_52A5691defWB.jpg,0.8504748409039246
False,False,DARTER,ALL,1536,512,/home/durrmeyer/Images/StyleTransferImages/HABITAT_images/BOULDERxSAND_Eolmstedi_cropped_3000x1000_middle_tt_resized_div1_5_52A6174defWB.jpg,0.7936208378090495
False,False,DARTER,ALL,1536,512,/home/durrmeyer/Images/StyleTransferImages/HABITAT_images/GRAVEL_cropped_3000x1000_middle_tt_resized_div1_5_52A5680defWB.jpg,0.7815910903646907
False,False,DARTER,ALL,1536,512,/home/durrmeyer/Images/StyleTransferImages/HABITAT_images/GRAVELxFLOOR_cropped_3000x1000_middle_tt_resized_div1_5_52A5809defWB.jpg,0.8182843858587239
False,False,DARTER,ALL,1536,512,/home/durrmeyer/Images/StyleTransferImages/HABITAT_images/PLANTS_cropped_3000x1000_middle_tt_resized_div1_5_52A5711defWB.jpg,0.8380774899983786
False,False,DARTER,ALL,1536,512,/home/durrmeyer/Images/StyleTransferImages/HABITAT_images/DETRITUS_cropped_3000x1000_middle_tt_resized_div1_5_52A7724defWB.jpg,0.6198730922390396
False,False,DARTER,ALL,1536,512,/home/durrmeyer/Images/StyleTransferImages/HABITAT_images/SAND_Eolmstedi_cropped_3000x1000_middle_tt_resized_div1_5_52A6208defWB.jpg,0.8004165367571713
