normalization,standardization,image_type,channel_image,image_resize_x,image_resize_y,Image_path,mean_stat,std_stat,skewness_stat,kurtosis_stat,entropy_stat,gini_coefficient
False,False,DARTER,GRAY,1536,512,/home/durrmeyer/Images/StyleTransferImages/Layers_1and2/BOULDERxSANDxFISH02_colorcontrolON_1vs1e3_TVlossON_1e-3_layers1and2.png,692.412353515625,76.37987518310547,1.037919044494629,0.9086653781255407,13.569366455078125,0.05920890395403345
False,False,DARTER,GRAY,1536,512,/home/durrmeyer/Images/StyleTransferImages/Layers_1and2/PLANTSxFISH01_colorcontrolOFF_1vs1e3_TVlossON_1e-3_layers1and2.png,735.566650390625,55.306636810302734,1.4585967063903809,2.0446576972271986,13.572528839111328,0.03895566743906483
False,False,DARTER,GRAY,1536,512,/home/durrmeyer/Images/StyleTransferImages/Layers_1and2/GRAVELxFISH04_colorcontrolOFF_1vs1e3_TVlossON_1e-3_layers1and2.png,734.858642578125,56.67927551269531,1.0535471439361572,1.015145874861652,13.572360038757324,0.04154661621710604
False,False,DARTER,GRAY,1536,512,/home/durrmeyer/Images/StyleTransferImages/Layers_1and2/DETRITUSxFISH10_colorcontrolON_1vs1e3_TVlossON_1e-3_layers1and2.png,742.0358276367188,66.42613220214844,1.0033729076385498,-0.12114805853972355,13.571362495422363,0.04803470341811576
False,False,DARTER,GRAY,1536,512,/home/durrmeyer/Images/StyleTransferImages/Layers_1and2/BOULDERxSANDxFISH03_colorcontrolON_1vs1e3_TVlossON_1e-3_layers1and2.png,701.3538208007812,79.63450622558594,0.563035249710083,-0.038519080767757785,13.5689115524292,0.06321969207370806
False,False,DARTER,GRAY,1536,512,/home/durrmeyer/Images/StyleTransferImages/Layers_1and2/BOULDERxSANDxFISH04_colorcontrolON_1vs1e3_TVlossON_1e-3_layers1and2.png,702.57470703125,80.28340911865234,0.6042246222496033,-0.021991381384572684,13.568845748901367,0.06370160975620384
False,False,DARTER,GRAY,1536,512,/home/durrmeyer/Images/StyleTransferImages/Layers_1and2/SANDxFISH10_colorcontrolOFF_1vs1e3_TVlossON_1e-3_layers1and2.png,735.38525390625,53.56791687011719,1.3332489728927612,1.4406830112081215,13.572681427001953,0.0381986456449844
False,False,DARTER,GRAY,1536,512,/home/durrmeyer/Images/StyleTransferImages/Layers_1and2/SANDxFISH01_colorcontrolOFF_1vs1e3_TVlossON_1e-3_layers1and2.png,735.0691528320312,54.02534484863281,1.279203176498413,1.1808342933658524,13.572637557983398,0.03877804661189871
False,False,DARTER,GRAY,1536,512,/home/durrmeyer/Images/StyleTransferImages/Layers_1and2/PLANTSxFISH04_colorcontrolOFF_1vs1e3_TVlossON_1e-3_layers1and2.png,743.11474609375,52.73689270019531,1.0328339338302612,0.7323399610225247,13.57280158996582,0.03836792577504415
False,False,DARTER,GRAY,1536,512,/home/durrmeyer/Images/StyleTransferImages/Layers_1and2/PlantsxFISH10_colorcontrolON_1vs1e3_TVlossON_1e-3_layers1and2.png,741.7848510742188,56.85710525512695,1.3429324626922607,1.6462623116946444,13.572415351867676,0.04013236858570043
False,False,DARTER,GRAY,1536,512,/home/durrmeyer/Images/StyleTransferImages/Layers_1and2/SANDxFISH01_colorcontrolON_1vs1e3_TVlossON_1e-3_layers1and2.png,739.7660522460938,56.51314163208008,1.2083097696304321,0.8978090634202571,13.57242202758789,0.04058939738778325
False,False,DARTER,GRAY,1536,512,/home/durrmeyer/Images/StyleTransferImages/Layers_1and2/GRAVELxFISH03_colorcontrolOFF_1vs1e3_TVlossON_1e-3_layers1and2.png,733.6166381835938,57.8531608581543,1.1467331647872925,1.1623987592838043,13.572232246398926,0.042008356632501916
False,False,DARTER,GRAY,1536,512,/home/durrmeyer/Images/StyleTransferImages/Layers_1and2/DETRITUSxFISH01_colorcontrolON_1vs1e3_TVlossON_1e-3_layers1and2.png,752.2827758789062,59.82007598876953,0.8554685115814209,0.2341170471398084,13.572166442871094,0.0438094372936917
False,False,DARTER,GRAY,1536,512,/home/durrmeyer/Images/StyleTransferImages/Layers_1and2/PLANTSxFISH02_colorcontrolON_1vs1e3_TVlossON_1e-3_layers1and2.png,741.1400756835938,57.025691986083984,1.2185841798782349,0.9652609789384776,13.572385787963867,0.040736110985558405
False,False,DARTER,GRAY,1536,512,/home/durrmeyer/Images/StyleTransferImages/Layers_1and2/DETRITUSxFISH01_colorcontrolOFF_1vs1e3_TVlossON_1e-3_layers1and2.png,745.3544311523438,55.32276916503906,0.8237741589546204,0.19316017754508508,13.57255744934082,0.04099242691661757
False,False,DARTER,GRAY,1536,512,/home/durrmeyer/Images/StyleTransferImages/Layers_1and2/GRAVELxFISH02_colorcontrolON_1vs1e3_TVlossON_1e-3_layers1and2.png,731.9827270507812,57.0904655456543,1.3022773265838623,1.490504764817513,13.57231330871582,0.04084087492653712
False,False,DARTER,GRAY,1536,512,/home/durrmeyer/Images/StyleTransferImages/Layers_1and2/GRAVELxFISH01_colorcontrolOFF_1vs1e3_TVlossON_1e-3_layers1and2.png,728.4795532226562,57.86074447631836,1.433219313621521,2.023696506757477,13.572210311889648,0.04119346181538916
False,False,DARTER,GRAY,1536,512,/home/durrmeyer/Images/StyleTransferImages/Layers_1and2/GRAVELxFISH10_colorcontrolOFF_1vs1e3_TVlossON_1e-3_layers1and2.png,729.8274536132812,57.281700134277344,1.3900344371795654,2.0554012592740616,13.572280883789062,0.040913633146441836
False,False,DARTER,GRAY,1536,512,/home/durrmeyer/Images/StyleTransferImages/Layers_1and2/GRAVELxFISH02_colorcontrolOFF_1vs1e3_TVlossON_1e-3_layers1and2.png,727.4033203125,57.11191940307617,1.4578094482421875,2.1550252999521087,13.57227897644043,0.04047818532045005
False,False,DARTER,GRAY,1536,512,/home/durrmeyer/Images/StyleTransferImages/Layers_1and2/SANDxFISH04_colorcontrolON_1vs1e3_TVlossON_1e-3_layers1and2.png,743.6209106445312,58.149478912353516,1.0534191131591797,0.3268276640223955,13.572282791137695,0.042065341375161255
False,False,DARTER,GRAY,1536,512,/home/durrmeyer/Images/StyleTransferImages/Layers_1and2/BOULDERxFISH02_colorcontrolON_1vs1e3_TVlossON_1e-3_layers1and2.png,684.6017456054688,71.720947265625,1.0954118967056274,1.6488743271346307,13.569938659667969,0.055197761713579985
False,False,DARTER,GRAY,1536,512,/home/durrmeyer/Images/StyleTransferImages/Layers_1and2/BOULDERxFISH10_colorcontrolOFF_1vs1e3_TVlossON_1e-3_layers1and2.png,679.8831176757812,72.44212341308594,1.2347354888916016,1.840961725836502,13.569785118103027,0.056033089809327974
False,False,DARTER,GRAY,1536,512,/home/durrmeyer/Images/StyleTransferImages/Layers_1and2/DETRITUSxFISH03_colorcontrolON_1vs1e3_TVlossON_1e-3_layers1and2.png,742.171142578125,66.06840515136719,0.9024463295936584,-0.5153389201892264,13.571395874023438,0.047787490461253655
False,False,DARTER,GRAY,1536,512,/home/durrmeyer/Images/StyleTransferImages/Layers_1and2/PLANTSxFISH03_colorcontrolON_1vs1e3_TVlossON_1e-3_layers1and2.png,743.7850952148438,57.145912170410156,0.9520773887634277,0.22722583462746915,13.57237434387207,0.04184763611916353
False,False,DARTER,GRAY,1536,512,/home/durrmeyer/Images/StyleTransferImages/Layers_1and2/DETRITUSxFISH03_colorcontrolOFF_1vs1e3_TVlossON_1e-3_layers1and2.png,736.5908203125,62.446067810058594,0.9570386409759521,-0.3457327122382461,13.571757316589355,0.04529190234096307
False,False,DARTER,GRAY,1536,512,/home/durrmeyer/Images/StyleTransferImages/Layers_1and2/DETRITUSxFISH02_colorcontrolOFF_1vs1e3_TVlossON_1e-3_layers1and2.png,733.581298828125,61.699134826660156,1.1734015941619873,0.3272132329574937,13.571830749511719,0.04413948825692789
False,False,DARTER,GRAY,1536,512,/home/durrmeyer/Images/StyleTransferImages/Layers_1and2/DETRITUSxFISH10_colorcontrolOFF_1vs1e3_TVlossON_1e-3_layers1and2.png,735.1121215820312,62.145118713378906,1.055086612701416,0.03712303692953256,13.571785926818848,0.04514450305498229
False,False,DARTER,GRAY,1536,512,/home/durrmeyer/Images/StyleTransferImages/Layers_1and2/BOULDERxSANDxFISH10_colorcontrolOFF_1vs1e3_TVlossON_1e-3_layers1and2.png,688.909423828125,75.8829345703125,0.9720814228057861,0.7811126534938686,13.56937026977539,0.05985930208914163
False,False,DARTER,GRAY,1536,512,/home/durrmeyer/Images/StyleTransferImages/Layers_1and2/BOULDERxFISH04_colorcontrolOFF_1vs1e3_TVlossON_1e-3_layers1and2.png,684.0099487304688,74.24215698242188,0.9213109612464905,0.8026230628300257,13.569528579711914,0.05856508451550573
False,False,DARTER,GRAY,1536,512,/home/durrmeyer/Images/StyleTransferImages/Layers_1and2/BOULDERxSANDxFISH01_colorcontrolON_1vs1e3_TVlossON_1e-3_layers1and2.png,695.5120239257812,76.4215316772461,0.810387372970581,0.6105214701295281,13.56935977935791,0.06013393872792386
False,False,DARTER,GRAY,1536,512,/home/durrmeyer/Images/StyleTransferImages/Layers_1and2/SANDxFISH03_colorcontrolON_1vs1e3_TVlossON_1e-3_layers1and2.png,741.3384399414062,58.16387176513672,1.0511627197265625,0.22555164498662705,13.572257041931152,0.042081592250971904
False,False,DARTER,GRAY,1536,512,/home/durrmeyer/Images/StyleTransferImages/Layers_1and2/PLANTSxFISH01_colorcontrolON_1vs1e3_TVlossON_1e-3_layers1and2.png,740.2555541992188,56.42192077636719,1.3346796035766602,1.5666173253221212,13.572442054748535,0.04000397999510866
False,False,DARTER,GRAY,1536,512,/home/durrmeyer/Images/StyleTransferImages/Layers_1and2/BOULDERxSANDxFISH02_colorcontrolOFF_1vs1e3_TVlossON_1e-3_layers1and2.png,686.775390625,75.28791046142578,1.095307469367981,1.1057244797454775,13.569446563720703,0.05851086015857184
False,False,DARTER,GRAY,1536,512,/home/durrmeyer/Images/StyleTransferImages/Layers_1and2/BOULDERxSANDxFISH01_colorcontrolOFF_1vs1e3_TVlossON_1e-3_layers1and2.png,690.5785522460938,75.60987091064453,0.8502712845802307,0.7791738593257964,13.569415092468262,0.05972090135204898
False,False,DARTER,GRAY,1536,512,/home/durrmeyer/Images/StyleTransferImages/Layers_1and2/GRAVELxFISH04_colorcontrolON_1vs1e3_TVlossON_1e-3_layers1and2.png,741.25390625,58.31321334838867,0.983944833278656,0.7411924700484098,13.572233200073242,0.04265205963373628
False,False,DARTER,GRAY,1536,512,/home/durrmeyer/Images/StyleTransferImages/Layers_1and2/BOULDERxSANDxFISH03_colorcontrolOFF_1vs1e3_TVlossON_1e-3_layers1and2.png,696.029541015625,78.49890899658203,0.57990562915802,0.038058765661694416,13.569003105163574,0.06267476966936154
False,False,DARTER,GRAY,1536,512,/home/durrmeyer/Images/StyleTransferImages/Layers_1and2/PLANTSxFISH03_colorcontrolOFF_1vs1e3_TVlossON_1e-3_layers1and2.png,739.14013671875,56.05055236816406,1.0689725875854492,0.5765451534721366,13.57245922088623,0.040837908020855004
False,False,DARTER,GRAY,1536,512,/home/durrmeyer/Images/StyleTransferImages/Layers_1and2/DETRITUSxFISH04_colorcontrolON_1vs1e3_TVlossON_1e-3_layers1and2.png,744.8471069335938,66.15545654296875,0.8977012634277344,-0.4379142040070847,13.571413040161133,0.04799389522211728
False,False,DARTER,GRAY,1536,512,/home/durrmeyer/Images/StyleTransferImages/Layers_1and2/BOULDERxFISH04_colorcontrolON_1vs1e3_TVlossON_1e-3_layers1and2.png,689.8374633789062,75.90911865234375,0.9209228754043579,0.7196129874867099,13.569367408752441,0.05943891399668047
False,False,DARTER,GRAY,1536,512,/home/durrmeyer/Images/StyleTransferImages/Layers_1and2/PLANTSxFISH04_colorcontrolON_1vs1e3_TVlossON_1e-3_layers1and2.png,750.4116821289062,55.026920318603516,0.9359472990036011,0.48808384611389766,13.572626113891602,0.039998992942805844
False,False,DARTER,GRAY,1536,512,/home/durrmeyer/Images/StyleTransferImages/Layers_1and2/SANDxFISH04_colorcontrolOFF_1vs1e3_TVlossON_1e-3_layers1and2.png,736.6608276367188,54.3724250793457,1.1239523887634277,0.5650319998014575,13.572603225708008,0.039433371135970965
False,False,DARTER,GRAY,1536,512,/home/durrmeyer/Images/StyleTransferImages/Layers_1and2/PlantsxFISH10_colorcontrolOFF_1vs1e3_TVlossON_1e-3_layers1and2.png,735.8516235351562,55.1179313659668,1.4755706787109375,2.1671425965837585,13.572546005249023,0.03870603814966054
False,False,DARTER,GRAY,1536,512,/home/durrmeyer/Images/StyleTransferImages/Layers_1and2/BOULDERxFISH03_colorcontrolON_1vs1e3_TVlossON_1e-3_layers1and2.png,690.4337768554688,75.73444366455078,0.7876366972923279,0.6115920198653741,13.569379806518555,0.05957792254864354
False,False,DARTER,GRAY,1536,512,/home/durrmeyer/Images/StyleTransferImages/Layers_1and2/PLANTSxFISH02_colorcontrolOFF_1vs1e3_TVlossON_1e-3_layers1and2.png,735.7562866210938,56.17197036743164,1.377730131149292,1.5225013812878538,13.572436332702637,0.03974030135021808
False,False,DARTER,GRAY,1536,512,/home/durrmeyer/Images/StyleTransferImages/Layers_1and2/BOULDERxFISH03_colorcontrolOFF_1vs1e3_TVlossON_1e-3_layers1and2.png,686.37744140625,74.719482421875,0.7638777494430542,0.6306846204969729,13.5694580078125,0.05915135122571853
False,False,DARTER,GRAY,1536,512,/home/durrmeyer/Images/StyleTransferImages/Layers_1and2/BOULDERxFISH02_colorcontrolOFF_1vs1e3_TVlossON_1e-3_layers1and2.png,680.2379150390625,71.45833587646484,1.1294163465499878,1.8860341410045,13.56992244720459,0.055052988370900974
False,False,DARTER,GRAY,1536,512,/home/durrmeyer/Images/StyleTransferImages/Layers_1and2/GRAVELxFISH03_colorcontrolON_1vs1e3_TVlossON_1e-3_layers1and2.png,737.86376953125,58.302818298339844,1.0441592931747437,0.7961390114406979,13.572214126586914,0.04253469613953934
False,False,DARTER,GRAY,1536,512,/home/durrmeyer/Images/StyleTransferImages/Layers_1and2/BOULDERxFISH01_colorcontrolOFF_1vs1e3_TVlossON_1e-3_layers1and2.png,681.3839721679688,71.7850112915039,1.0621603727340698,1.5687393884905756,13.569883346557617,0.056385549136137
False,False,DARTER,GRAY,1536,512,/home/durrmeyer/Images/StyleTransferImages/Layers_1and2/SANDxFISH10_colorcontrolON_1vs1e3_TVlossON_1e-3_layers1and2.png,741.5736694335938,56.66599655151367,1.2470507621765137,1.1149550975509905,13.572426795959473,0.04043657113176556
False,False,DARTER,GRAY,1536,512,/home/durrmeyer/Images/StyleTransferImages/Layers_1and2/GRAVELxFISH10_colorcontrolON_1vs1e3_TVlossON_1e-3_layers1and2.png,735.1658325195312,58.40951156616211,1.286629319190979,1.6114276172239759,13.572200775146484,0.04182979574785789
False,False,DARTER,GRAY,1536,512,/home/durrmeyer/Images/StyleTransferImages/Layers_1and2/SANDxFISH02_colorcontrolOFF_1vs1e3_TVlossON_1e-3_layers1and2.png,732.8906860351562,55.311500549316406,1.353358268737793,1.185266176342437,13.572500228881836,0.03915134257122321
False,False,DARTER,GRAY,1536,512,/home/durrmeyer/Images/StyleTransferImages/Layers_1and2/DETRITUSxFISH02_colorcontrolON_1vs1e3_TVlossON_1e-3_layers1and2.png,739.6685180664062,64.76143646240234,1.0970001220703125,0.10271486004793307,13.571541786193848,0.04633160998225109
False,False,DARTER,GRAY,1536,512,/home/durrmeyer/Images/StyleTransferImages/Layers_1and2/BOULDERxFISH10_colorcontrolON_1vs1e3_TVlossON_1e-3_layers1and2.png,684.7705078125,73.56072998046875,1.1984002590179443,1.6359150823141215,13.569696426391602,0.05670586398566914
False,False,DARTER,GRAY,1536,512,/home/durrmeyer/Images/StyleTransferImages/Layers_1and2/BOULDERxFISH01_colorcontrolON_1vs1e3_TVlossON_1e-3_layers1and2.png,685.0053100585938,71.96671295166016,1.0245450735092163,1.3879428856107463,13.569899559020996,0.056404938900441896
False,False,DARTER,GRAY,1536,512,/home/durrmeyer/Images/StyleTransferImages/Layers_1and2/BOULDERxSANDxFISH04_colorcontrolOFF_1vs1e3_TVlossON_1e-3_layers1and2.png,695.2175903320312,78.00333404541016,0.6213667392730713,0.05014233195788176,13.569070816040039,0.062440772281068424
False,False,DARTER,GRAY,1536,512,/home/durrmeyer/Images/StyleTransferImages/Layers_1and2/SANDxFISH03_colorcontrolOFF_1vs1e3_TVlossON_1e-3_layers1and2.png,736.3925170898438,55.024349212646484,1.0981487035751343,0.3734836093002216,13.572537422180176,0.039881158230925515
False,False,DARTER,GRAY,1536,512,/home/durrmeyer/Images/StyleTransferImages/Layers_1and2/SANDxFISH02_colorcontrolON_1vs1e3_TVlossON_1e-3_layers1and2.png,738.2540893554688,57.76700973510742,1.2554572820663452,0.8330099034216722,13.572288513183594,0.04103527175161728
False,False,DARTER,GRAY,1536,512,/home/durrmeyer/Images/StyleTransferImages/Layers_1and2/DETRITUSxFISH04_colorcontrolOFF_1vs1e3_TVlossON_1e-3_layers1and2.png,737.0571899414062,61.629878997802734,0.9492999315261841,-0.2881833936481737,13.571853637695312,0.04496042789667333
False,False,DARTER,GRAY,1536,512,/home/durrmeyer/Images/StyleTransferImages/Layers_1and2/BOULDERxSANDxFISH10_colorcontrolON_1vs1e3_TVlossON_1e-3_layers1and2.png,695.2172241210938,77.49325561523438,0.9142262935638428,0.5462944179672657,13.569222450256348,0.06087295276848469
False,False,DARTER,GRAY,1536,512,/home/durrmeyer/Images/StyleTransferImages/Layers_1and2/GRAVELxFISH01_colorcontrolON_1vs1e3_TVlossON_1e-3_layers1and2.png,732.43408203125,58.31512451171875,1.3366349935531616,1.6177442622598068,13.572189331054688,0.04169827425755689
False,False,DARTER,GRAY,1536,512,/home/durrmeyer/Images/StyleTransferImages/Layers_3to5/PLANTSxFISH10_colorcontrolOFF_1vs1e3_TVlossON_1e-3_layers3to5.png,665.2534790039062,60.575103759765625,1.542905569076538,2.5093055019992896,13.571281433105469,0.04672571869484221
False,False,DARTER,GRAY,1536,512,/home/durrmeyer/Images/StyleTransferImages/Layers_3to5/PLANTSxFISH03_colorcontrolOFF_1vs1e3_TVlossON_1e-3_layers3to5.png,689.82080078125,61.93390655517578,1.0957920551300049,0.9214993507799512,13.571343421936035,0.048069995368310116
False,False,DARTER,GRAY,1536,512,/home/durrmeyer/Images/StyleTransferImages/Layers_3to5/GRAVELxFISH04_colorcontrolOFF_1vs1e3_TVlossON_1e-3_layers3to5.png,667.9010620117188,70.57464599609375,1.2252061367034912,1.1619203222940335,13.569878578186035,0.05587507400761439
False,False,DARTER,GRAY,1536,512,/home/durrmeyer/Images/StyleTransferImages/Layers_3to5/GRAVELxFISH02_colorcontrolOFF_1vs1e3_TVlossON_1e-3_layers3to5.png,676.3004150390625,67.2332763671875,1.3307915925979614,1.579176284636711,13.570504188537598,0.0521183369618723
False,False,DARTER,GRAY,1536,512,/home/durrmeyer/Images/StyleTransferImages/Layers_3to5/SANDxFISH03_colorcontrolON_1vs1e3_TVlossON_1e-3_layers3to5.png,695.7953491210938,57.09443664550781,1.1873515844345093,1.273449740036976,13.571990966796875,0.043670149943400884
False,False,DARTER,GRAY,1536,512,/home/durrmeyer/Images/StyleTransferImages/Layers_3to5/BOULDERxFISH01_colorcontrolOFF_1vs1e3_TVlossON_1e-3_layers3to5.png,660.9746704101562,70.60466766357422,0.7840428352355957,0.6744220375785042,13.569681167602539,0.05885095539387369
False,False,DARTER,GRAY,1536,512,/home/durrmeyer/Images/StyleTransferImages/Layers_3to5/DETRITUSxFISH01_colorcontrolOFF_1vs1e3_TVlossON_1e-3_layers3to5.png,687.5045776367188,58.12713623046875,1.1314300298690796,0.8825472105106966,13.571785926818848,0.04540362072949262
False,False,DARTER,GRAY,1536,512,/home/durrmeyer/Images/StyleTransferImages/Layers_3to5/SANDxFISH01_colorcontrolON_1vs1e3_TVlossON_1e-3_layers3to5.png,687.5537719726562,54.679908752441406,1.1134912967681885,1.1130600458953248,13.572179794311523,0.042874235030605404
False,False,DARTER,GRAY,1536,512,/home/durrmeyer/Images/StyleTransferImages/Layers_3to5/BOULDERxFISH03_colorcontrolON_1vs1e3_TVlossON_1e-3_layers3to5.png,672.1447143554688,73.99332427978516,0.77878338098526,0.47445044365686995,13.569339752197266,0.06047230568574029
False,False,DARTER,GRAY,1536,512,/home/durrmeyer/Images/StyleTransferImages/Layers_3to5/SANDxFISH04_colorcontrolON_1vs1e3_TVlossON_1e-3_layers3to5.png,681.8544921875,59.040802001953125,1.3383352756500244,1.4781225992390832,13.571640968322754,0.045227111005907726
False,False,DARTER,GRAY,1536,512,/home/durrmeyer/Images/StyleTransferImages/Layers_3to5/BOULDERxSANDxFISH02_colorcontrolON_1vs1e3_TVlossON_1e-3_layers3to5.png,665.3347778320312,62.93425750732422,1.135268211364746,1.174422908576405,13.570920944213867,0.05052569947919894
False,False,DARTER,GRAY,1536,512,/home/durrmeyer/Images/StyleTransferImages/Layers_3to5/SANDxFISH03_colorcontrolOFF_1vs1e3_TVlossON_1e-3_layers3to5.png,690.8861694335938,56.44274139404297,1.155928611755371,1.1886326777916976,13.572013854980469,0.04358187990649907
False,False,DARTER,GRAY,1536,512,/home/durrmeyer/Images/StyleTransferImages/Layers_3to5/DETRITUSxFISH01_colorcontrolON_1vs1e3_TVlossON_1e-3_layers3to5.png,692.4093627929688,58.64706802368164,1.1284494400024414,0.8424312487176637,13.57177734375,0.04548672975627816
False,False,DARTER,GRAY,1536,512,/home/durrmeyer/Images/StyleTransferImages/Layers_3to5/BOULDERxSANDxFISH04_colorcontrolON_1vs1e3_TVlossON_1e-3_layers3to5.png,652.7031860351562,66.57091522216797,1.2819663286209106,1.508595562089294,13.57025146484375,0.053539069060329715
False,False,DARTER,GRAY,1536,512,/home/durrmeyer/Images/StyleTransferImages/Layers_3to5/PLANTSxFISH03_colorcontrolON_1vs1e3_TVlossON_1e-3_layers3to5.png,694.4868774414062,61.73575210571289,1.0896559953689575,0.9068146259198597,13.571422576904297,0.047630605177384905
False,False,DARTER,GRAY,1536,512,/home/durrmeyer/Images/StyleTransferImages/Layers_3to5/DETRITUSxFISH10_colorcontrolOFF_1vs1e3_TVlossON_1e-3_layers3to5.png,670.4149780273438,61.81916809082031,1.532317042350769,1.6863226471392112,13.57119083404541,0.04650216293109518
False,False,DARTER,GRAY,1536,512,/home/durrmeyer/Images/StyleTransferImages/Layers_3to5/SANDxFISH01_colorcontrolOFF_1vs1e3_TVlossON_1e-3_layers3to5.png,682.7938842773438,54.520477294921875,1.10909903049469,1.1424475570589054,13.572158813476562,0.043061400960731445
False,False,DARTER,GRAY,1536,512,/home/durrmeyer/Images/StyleTransferImages/Layers_3to5/DETRITUSxFISH03_colorcontrolON_1vs1e3_TVlossON_1e-3_layers3to5.png,699.4494018554688,60.97249221801758,1.193729281425476,0.9593948724467647,13.571575164794922,0.046252425674816
False,False,DARTER,GRAY,1536,512,/home/durrmeyer/Images/StyleTransferImages/Layers_3to5/GRAVELxFISH01_colorcontrolOFF_1vs1e3_TVlossON_1e-3_layers3to5.png,679.8679809570312,67.60790252685547,1.0399997234344482,0.9908687199042294,13.57045841217041,0.053964345260813375
False,False,DARTER,GRAY,1536,512,/home/durrmeyer/Images/StyleTransferImages/Layers_3to5/PLANTSxFISH04_colorcontrolOFF_1vs1e3_TVlossON_1e-3_layers3to5.png,673.6159057617188,62.21235275268555,1.4041614532470703,1.6843454293128355,13.571155548095703,0.0479070136480711
False,False,DARTER,GRAY,1536,512,/home/durrmeyer/Images/StyleTransferImages/Layers_3to5/BOULDERxSANDxFISH03_colorcontrolON_1vs1e3_TVlossON_1e-3_layers3to5.png,676.2119750976562,66.80160522460938,0.8490837812423706,0.4581800616644034,13.570491790771484,0.054038528404562504
False,False,DARTER,GRAY,1536,512,/home/durrmeyer/Images/StyleTransferImages/Layers_3to5/BOULDERxFISH02_colorcontrolON_1vs1e3_TVlossON_1e-3_layers3to5.png,661.2777099609375,70.03907775878906,1.0898926258087158,1.250240885191734,13.569835662841797,0.05674471782114122
False,False,DARTER,GRAY,1536,512,/home/durrmeyer/Images/StyleTransferImages/Layers_3to5/DETRITUSxFISH02_colorcontrolOFF_1vs1e3_TVlossON_1e-3_layers3to5.png,684.513427734375,57.77543640136719,1.5012876987457275,1.7351173974973655,13.571836471557617,0.042911834912979285
False,False,DARTER,GRAY,1536,512,/home/durrmeyer/Images/StyleTransferImages/Layers_3to5/BOULDERxSANDxFISH01_colorcontrolON_1vs1e3_TVlossON_1e-3_layers3to5.png,668.3672485351562,63.9953727722168,0.7964828610420227,0.4588509926166213,13.570775985717773,0.0529557648489693
False,False,DARTER,GRAY,1536,512,/home/durrmeyer/Images/StyleTransferImages/Layers_3to5/GRAVELxFISH10_colorcontrolON_1vs1e3_TVlossON_1e-3_layers3to5.png,665.8359375,69.13204193115234,1.3698999881744385,1.846345616775385,13.570088386535645,0.054465552666023764
False,False,DARTER,GRAY,1536,512,/home/durrmeyer/Images/StyleTransferImages/Layers_3to5/GRAVELxFISH02_colorcontrolON_1vs1e3_TVlossON_1e-3_layers3to5.png,680.8811645507812,67.29373931884766,1.3006954193115234,1.4406020710550251,13.57055377960205,0.051975648851840854
False,False,DARTER,GRAY,1536,512,/home/durrmeyer/Images/StyleTransferImages/Layers_3to5/GRAVELxFISH03_colorcontrolOFF_1vs1e3_TVlossON_1e-3_layers3to5.png,686.3564453125,69.14368438720703,0.9569221138954163,0.6657677130491253,13.570326805114746,0.054694110093444895
False,False,DARTER,GRAY,1536,512,/home/durrmeyer/Images/StyleTransferImages/Layers_3to5/GRAVELxFISH01_colorcontrolON_1vs1e3_TVlossON_1e-3_layers3to5.png,683.6860961914062,67.63023376464844,1.0052871704101562,0.8325978022445519,13.570503234863281,0.05382762525302549
False,False,DARTER,GRAY,1536,512,/home/durrmeyer/Images/StyleTransferImages/Layers_3to5/PLANTSxFISH10_colorcontrolON_1vs1e3_TVlossON_1e-3_layers3to5.png,671.3079223632812,60.965049743652344,1.504719614982605,2.3268928999207654,13.571300506591797,0.04677797252815599
False,False,DARTER,GRAY,1536,512,/home/durrmeyer/Images/StyleTransferImages/Layers_3to5/DETRITUSxFISH04_colorcontrolON_1vs1e3_TVlossON_1e-3_layers3to5.png,685.2158813476562,63.490787506103516,1.4670358896255493,1.6427989227370867,13.571141242980957,0.04745743792631889
False,False,DARTER,GRAY,1536,512,/home/durrmeyer/Images/StyleTransferImages/Layers_3to5/PLANTSxFISH01_colorcontrolON_1vs1e3_TVlossON_1e-3_layers3to5.png,687.60205078125,58.802303314208984,1.1061220169067383,1.2889725845044406,13.571703910827637,0.04610770981313404
False,False,DARTER,GRAY,1536,512,/home/durrmeyer/Images/StyleTransferImages/Layers_3to5/DETRITUSxFISH02_colorcontrolON_1vs1e3_TVlossON_1e-3_layers3to5.png,690.153564453125,58.61265182495117,1.4982751607894897,1.7332198678173798,13.571791648864746,0.0432310368081865
False,False,DARTER,GRAY,1536,512,/home/durrmeyer/Images/StyleTransferImages/Layers_3to5/DETRITUSxFISH10_colorcontrolON_1vs1e3_TVlossON_1e-3_layers3to5.png,676.7781372070312,63.1581916809082,1.5080467462539673,1.5820045438427695,13.571084976196289,0.047234900847757846
False,False,DARTER,GRAY,1536,512,/home/durrmeyer/Images/StyleTransferImages/Layers_3to5/GRAVELxFISH03_colorcontrolON_1vs1e3_TVlossON_1e-3_layers3to5.png,690.2238159179688,69.32550811767578,0.9454666972160339,0.6138176680718783,13.570352554321289,0.05459622632450752
False,False,DARTER,GRAY,1536,512,/home/durrmeyer/Images/StyleTransferImages/Layers_3to5/BOULDERxSANDxFISH10_colorcontrolOFF_1vs1e3_TVlossON_1e-3_layers3to5.png,637.5822143554688,62.16556930541992,1.3470100164413452,1.9911387329171788,13.570686340332031,0.05130444764313257
False,False,DARTER,GRAY,1536,512,/home/durrmeyer/Images/StyleTransferImages/Layers_3to5/SANDxFISH04_colorcontrolOFF_1vs1e3_TVlossON_1e-3_layers3to5.png,674.9415893554688,57.58121109008789,1.3258031606674194,1.423813556158339,13.571741104125977,0.044579849277535916
False,False,DARTER,GRAY,1536,512,/home/durrmeyer/Images/StyleTransferImages/Layers_3to5/BOULDERxSANDxFISH03_colorcontrolOFF_1vs1e3_TVlossON_1e-3_layers3to5.png,671.90185546875,66.6075439453125,0.8561334013938904,0.47835668700142886,13.570466041564941,0.05419383418566881
False,False,DARTER,GRAY,1536,512,/home/durrmeyer/Images/StyleTransferImages/Layers_3to5/PLANTSxFISH01_colorcontrolOFF_1vs1e3_TVlossON_1e-3_layers3to5.png,683.090576171875,59.30986404418945,1.1576460599899292,1.5229842535649851,13.571599006652832,0.046618977752410376
False,False,DARTER,GRAY,1536,512,/home/durrmeyer/Images/StyleTransferImages/Layers_3to5/SANDxFISH02_colorcontrolOFF_1vs1e3_TVlossON_1e-3_layers3to5.png,681.7076416015625,54.1864013671875,1.4554694890975952,1.9841585391658931,13.572212219238281,0.040951033356575316
False,False,DARTER,GRAY,1536,512,/home/durrmeyer/Images/StyleTransferImages/Layers_3to5/BOULDERxSANDxFISH10_colorcontrolON_1vs1e3_TVlossON_1e-3_layers3to5.png,643.32177734375,62.815345764160156,1.3175755739212036,1.841074106693541,13.570666313171387,0.05150482739265583
False,False,DARTER,GRAY,1536,512,/home/durrmeyer/Images/StyleTransferImages/Layers_3to5/PLANTSxFISH02_colorcontrolOFF_1vs1e3_TVlossON_1e-3_layers3to5.png,681.431640625,59.578800201416016,1.3869630098342896,1.6847086047390292,13.571574211120605,0.04538707969935008
False,False,DARTER,GRAY,1536,512,/home/durrmeyer/Images/StyleTransferImages/Layers_3to5/BOULDERxSANDxFISH02_colorcontrolOFF_1vs1e3_TVlossON_1e-3_layers3to5.png,660.3623657226562,62.744384765625,1.1609947681427002,1.2760846994661463,13.570884704589844,0.05062996075521631
False,False,DARTER,GRAY,1536,512,/home/durrmeyer/Images/StyleTransferImages/Layers_3to5/BOULDERxFISH10_colorcontrolOFF_1vs1e3_TVlossON_1e-3_layers3to5.png,635.3203735351562,68.79568481445312,1.221792221069336,1.6347335824872902,13.569610595703125,0.05763576189391828
False,False,DARTER,GRAY,1536,512,/home/durrmeyer/Images/StyleTransferImages/Layers_3to5/GRAVELxFISH10_colorcontrolOFF_1vs1e3_TVlossON_1e-3_layers3to5.png,660.4118041992188,68.59344482421875,1.4060379266738892,2.037711877041687,13.570089340209961,0.05431391335399365
False,False,DARTER,GRAY,1536,512,/home/durrmeyer/Images/StyleTransferImages/Layers_3to5/SANDxFISH10_colorcontrolON_1vs1e3_TVlossON_1e-3_layers3to5.png,673.9031372070312,57.81212615966797,1.4318225383758545,1.8530201778055497,13.57171630859375,0.04442502914299114
False,False,DARTER,GRAY,1536,512,/home/durrmeyer/Images/StyleTransferImages/Layers_3to5/BOULDERxFISH04_colorcontrolOFF_1vs1e3_TVlossON_1e-3_layers3to5.png,642.6878662109375,72.73902130126953,1.18314790725708,1.2940254002441947,13.569090843200684,0.060092746195711526
False,False,DARTER,GRAY,1536,512,/home/durrmeyer/Images/StyleTransferImages/Layers_3to5/BOULDERxFISH01_colorcontrolON_1vs1e3_TVlossON_1e-3_layers3to5.png,664.2944946289062,70.68408966064453,0.7707169055938721,0.618996358636942,13.569722175598145,0.058677278597176405
False,False,DARTER,GRAY,1536,512,/home/durrmeyer/Images/StyleTransferImages/Layers_3to5/BOULDERxSANDxFISH01_colorcontrolOFF_1vs1e3_TVlossON_1e-3_layers3to5.png,664.1382446289062,63.99342346191406,0.8228036165237427,0.5612958104114587,13.570720672607422,0.05319573889938529
False,False,DARTER,GRAY,1536,512,/home/durrmeyer/Images/StyleTransferImages/Layers_3to5/BOULDERxFISH02_colorcontrolOFF_1vs1e3_TVlossON_1e-3_layers3to5.png,657.1211547851562,70.03766632080078,1.101904034614563,1.3142821021441637,13.569765090942383,0.05701224500122924
False,False,DARTER,GRAY,1536,512,/home/durrmeyer/Images/StyleTransferImages/Layers_3to5/BOULDERxSANDxFISH04_colorcontrolOFF_1vs1e3_TVlossON_1e-3_layers3to5.png,646.3804931640625,65.66702270507812,1.2847884893417358,1.542828930412516,13.570287704467773,0.053311181293817296
False,False,DARTER,GRAY,1536,512,/home/durrmeyer/Images/StyleTransferImages/Layers_3to5/BOULDERxFISH10_colorcontrolON_1vs1e3_TVlossON_1e-3_layers3to5.png,640.0282592773438,69.54176330566406,1.2028896808624268,1.548985997944591,13.569572448730469,0.05793242036872049
False,False,DARTER,GRAY,1536,512,/home/durrmeyer/Images/StyleTransferImages/Layers_3to5/DETRITUSxFISH04_colorcontrolOFF_1vs1e3_TVlossON_1e-3_layers3to5.png,678.085693359375,61.74343490600586,1.454300045967102,1.5946077643852083,13.571277618408203,0.046680586569564975
False,False,DARTER,GRAY,1536,512,/home/durrmeyer/Images/StyleTransferImages/Layers_3to5/DETRITUSxFISH03_colorcontrolOFF_1vs1e3_TVlossON_1e-3_layers3to5.png,694.2822875976562,59.77619934082031,1.1563434600830078,0.8418620787134588,13.571663856506348,0.04583370826557709
False,False,DARTER,GRAY,1536,512,/home/durrmeyer/Images/StyleTransferImages/Layers_3to5/SANDxFISH02_colorcontrolON_1vs1e3_TVlossON_1e-3_layers3to5.png,687.2330932617188,54.67185592651367,1.4308196306228638,1.862738286694288,13.572203636169434,0.041127468327793834
False,False,DARTER,GRAY,1536,512,/home/durrmeyer/Images/StyleTransferImages/Layers_3to5/BOULDERxFISH04_colorcontrolON_1vs1e3_TVlossON_1e-3_layers3to5.png,648.0658569335938,73.63253784179688,1.1991349458694458,1.3182328343463503,13.569050788879395,0.06027287574436073
False,False,DARTER,GRAY,1536,512,/home/durrmeyer/Images/StyleTransferImages/Layers_3to5/SANDxFISH10_colorcontrolOFF_1vs1e3_TVlossON_1e-3_layers3to5.png,667.6934204101562,56.886470794677734,1.4537346363067627,1.967570446190825,13.571760177612305,0.04401541158106561
False,False,DARTER,GRAY,1536,512,/home/durrmeyer/Images/StyleTransferImages/Layers_3to5/PLANTSxFISH02_colorcontrolON_1vs1e3_TVlossON_1e-3_layers3to5.png,686.92724609375,59.3226318359375,1.3649322986602783,1.6023968413994423,13.571661949157715,0.044976810349909455
False,False,DARTER,GRAY,1536,512,/home/durrmeyer/Images/StyleTransferImages/Layers_3to5/BOULDERxFISH03_colorcontrolOFF_1vs1e3_TVlossON_1e-3_layers3to5.png,668.7206420898438,73.72196197509766,0.7717835307121277,0.46522779867219777,13.56932258605957,0.060566448437904104
False,False,DARTER,GRAY,1536,512,/home/durrmeyer/Images/StyleTransferImages/Layers_3to5/PLANTSxFISH04_colorcontrolON_1vs1e3_TVlossON_1e-3_layers3to5.png,680.3613891601562,62.9657096862793,1.407131552696228,1.6883568604484527,13.57114028930664,0.04800339775778358
False,False,DARTER,GRAY,1536,512,/home/durrmeyer/Images/StyleTransferImages/Layers_3to5/GRAVELxFISH04_colorcontrolON_1vs1e3_TVlossON_1e-3_layers3to5.png,673.8442993164062,71.65363311767578,1.2262182235717773,1.1306506097258184,13.569817543029785,0.05622928546103466
False,False,DARTER,GRAY,1536,512,/home/durrmeyer/Images/StyleTransferImages/All_layers/DETRITUSxFISH01_colorcontrolON_1vs1e3_TVlossON_1e-3.png,736.63623046875,65.59215545654297,1.250832438468933,0.4035756509036639,13.571428298950195,0.04613372919429068
False,False,DARTER,GRAY,1536,512,/home/durrmeyer/Images/StyleTransferImages/All_layers/SANDxFISH02_colorcontrolOFF_1vs1e3_TVlossON_1e-3.png,730.5609741210938,57.15510559082031,1.3755171298980713,1.0606748548864413,13.572297096252441,0.04026901039199785
False,False,DARTER,GRAY,1536,512,/home/durrmeyer/Images/StyleTransferImages/All_layers/BOULDERxFISH04_colorcontrolOFF_1vs1e3_TVlossON_1e-3.png,680.1483764648438,73.4765625,1.2511216402053833,1.228656274800839,13.569647789001465,0.056735336843504736
False,False,DARTER,GRAY,1536,512,/home/durrmeyer/Images/StyleTransferImages/All_layers/DETRITUSxFISH01_colorcontrolOFF_1vs1e3_TVlossON_1e-3.png,731.1715698242188,62.726219177246094,1.2905739545822144,0.5557650596958639,13.571700096130371,0.04428139470638858
False,False,DARTER,GRAY,1536,512,/home/durrmeyer/Images/StyleTransferImages/All_layers/DETRITUSxFISH02_colorcontrolOFF_1vs1e3_TVlossON_1e-3.png,727.2724609375,64.94523620605469,1.2821851968765259,0.4430077673501107,13.571413040161133,0.0457973879793425
False,False,DARTER,GRAY,1536,512,/home/durrmeyer/Images/StyleTransferImages/All_layers/DETRITUSxFISH10_colorcontrolOFF_1vs1e3_TVlossON_1e-3.png,729.5862426757812,64.27619171142578,1.214140772819519,0.2918271155598786,13.571508407592773,0.04583972883751754
False,False,DARTER,GRAY,1536,512,/home/durrmeyer/Images/StyleTransferImages/All_layers/GRAVELxFISH10_colorcontrolOFF_1vs1e3_TVlossON_1e-3.png,728.3473510742188,58.81976318359375,1.4151732921600342,1.8334541460033025,13.572112083435059,0.04209282291138447
False,False,DARTER,GRAY,1536,512,/home/durrmeyer/Images/StyleTransferImages/All_layers/PLANTSxFISH04_colorcontrolOFF_1vs1e3_TVlossON_1e-3.png,733.52197265625,60.20290756225586,1.3527848720550537,1.112148976989915,13.572007179260254,0.04265770232401699
False,False,DARTER,GRAY,1536,512,/home/durrmeyer/Images/StyleTransferImages/All_layers/GRAVELxFISH10_colorcontrolON_1vs1e3_TVlossON_1e-3.png,733.983154296875,59.73275375366211,1.3174691200256348,1.4284941565407099,13.572053909301758,0.04283835914385898
False,False,DARTER,GRAY,1536,512,/home/durrmeyer/Images/StyleTransferImages/All_layers/PLANTSxFISH03_colorcontrolOFF_1vs1e3_TVlossON_1e-3.png,735.8191528320312,59.800148010253906,1.2056556940078735,0.743704400896747,13.572057723999023,0.04301926219031936
False,False,DARTER,GRAY,1536,512,/home/durrmeyer/Images/StyleTransferImages/All_layers/BOULDERxFISH01_colorcontrolOFF_1vs1e3_TVlossON_1e-3.png,682.97265625,73.66266632080078,1.0275076627731323,1.003132766584855,13.569619178771973,0.058253029131394
False,False,DARTER,GRAY,1536,512,/home/durrmeyer/Images/StyleTransferImages/All_layers/PLANTSxFISH03_colorcontrolON_1vs1e3_TVlossON_1e-3.png,740.6994018554688,60.70841979980469,1.1309468746185303,0.5319476432392083,13.571996688842773,0.043771311598275776
False,False,DARTER,GRAY,1536,512,/home/durrmeyer/Images/StyleTransferImages/All_layers/GRAVELxFISH03_colorcontrolOFF_1vs1e3_TVlossON_1e-3.png,730.533203125,60.55849075317383,1.2140650749206543,0.9761390755285286,13.571925163269043,0.043930356984610154
False,False,DARTER,GRAY,1536,512,/home/durrmeyer/Images/StyleTransferImages/All_layers/GRAVELxFISH03_colorcontrolON_1vs1e3_TVlossON_1e-3.png,734.95654296875,60.927696228027344,1.1459312438964844,0.7657247691163036,13.57192325592041,0.04426356969492009
False,False,DARTER,GRAY,1536,512,/home/durrmeyer/Images/StyleTransferImages/All_layers/DETRITUSxFISH02_colorcontrolON_1vs1e3_TVlossON_1e-3.png,733.352294921875,67.58692932128906,1.2342499494552612,0.2840668308432166,13.571159362792969,0.047518586848488004
False,False,DARTER,GRAY,1536,512,/home/durrmeyer/Images/StyleTransferImages/All_layers/SANDxFISH04_colorcontrolON_1vs1e3_TVlossON_1e-3.png,742.201416015625,58.61763000488281,1.153363823890686,0.46076494015634717,13.572224617004395,0.04195638918298091
False,False,DARTER,GRAY,1536,512,/home/durrmeyer/Images/StyleTransferImages/All_layers/GRAVELxFISH01_colorcontrolOFF_1vs1e3_TVlossON_1e-3.png,730.0617065429688,59.04747009277344,1.2922918796539307,1.4603825334507974,13.572089195251465,0.042753017274129695
False,False,DARTER,GRAY,1536,512,/home/durrmeyer/Images/StyleTransferImages/All_layers/SANDxFISH02_colorcontrolON_1vs1e3_TVlossON_1e-3.png,736.3469848632812,59.034481048583984,1.3092067241668701,0.8372316665623503,13.572144508361816,0.04161998171196564
False,False,DARTER,GRAY,1536,512,/home/durrmeyer/Images/StyleTransferImages/All_layers/GRAVELxFISH01_colorcontrolON_1vs1e3_TVlossON_1e-3.png,734.48046875,59.226112365722656,1.1876015663146973,1.0691297233893975,13.572100639343262,0.0430717272494364
False,False,DARTER,GRAY,1536,512,/home/durrmeyer/Images/StyleTransferImages/All_layers/BOULDERxSANDxFISH02_colorcontrolON_1vs1e3_TVlossON_1e-3.png,688.5012817382812,76.232421875,1.3148959875106812,1.1230124863565525,13.569384574890137,0.05769114661735203
False,False,DARTER,GRAY,1536,512,/home/durrmeyer/Images/StyleTransferImages/All_layers/BOULDERxSANDxFISH04_colorcontrolON_1vs1e3_TVlossON_1e-3.png,689.7820434570312,78.00482940673828,1.3405674695968628,0.9885339844378604,13.569144248962402,0.058571127644566894
False,False,DARTER,GRAY,1536,512,/home/durrmeyer/Images/StyleTransferImages/All_layers/PLANTSxFISH02_colorcontrolON_1vs1e3_TVlossON_1e-3.png,738.0670776367188,60.44321060180664,1.3253815174102783,1.026609315604464,13.572014808654785,0.04268572092246604
False,False,DARTER,GRAY,1536,512,/home/durrmeyer/Images/StyleTransferImages/All_layers/BOULDERxFISH02_colorcontrolOFF_1vs1e3_TVlossON_1e-3.png,679.1228637695312,73.28471374511719,1.3010402917861938,1.5247076943866196,13.56966781616211,0.056473161414856976
False,False,DARTER,GRAY,1536,512,/home/durrmeyer/Images/StyleTransferImages/All_layers/PLANTSxFISH10_colorcontrolON_1vs1e3_TVlossON_1e-3.png,736.0820922851562,60.05820083618164,1.4674004316329956,1.5715872437175609,13.572052001953125,0.04185057638641012
False,False,DARTER,GRAY,1536,512,/home/durrmeyer/Images/StyleTransferImages/All_layers/PLANTSxFISH04_colorcontrolON_1vs1e3_TVlossON_1e-3.png,740.3974609375,62.458492279052734,1.2833865880966187,0.8797354866252065,13.571816444396973,0.04422281324831561
False,False,DARTER,GRAY,1536,512,/home/durrmeyer/Images/StyleTransferImages/All_layers/SANDxFISH01_colorcontrolON_1vs1e3_TVlossON_1e-3.png,740.136962890625,56.14429473876953,1.306429386138916,0.9741344549339193,13.572471618652344,0.039631360511818946
False,False,DARTER,GRAY,1536,512,/home/durrmeyer/Images/StyleTransferImages/All_layers/BOULDERxFISH03_colorcontrolOFF_1vs1e3_TVlossON_1e-3.png,684.53271484375,75.39339447021484,0.9292895793914795,0.5206952014593917,13.569366455078125,0.059650201500769405
False,False,DARTER,GRAY,1536,512,/home/durrmeyer/Images/StyleTransferImages/All_layers/SANDxFISH04_colorcontrolOFF_1vs1e3_TVlossON_1e-3.png,734.7998046875,55.400184631347656,1.2002257108688354,0.6261767540803214,13.572494506835938,0.03986428672052591
False,False,DARTER,GRAY,1536,512,/home/durrmeyer/Images/StyleTransferImages/All_layers/BOULDERxFISH10_colorcontrolON_1vs1e3_TVlossON_1e-3.png,684.002197265625,73.07073974609375,1.291953682899475,1.4476130012208968,13.569777488708496,0.05625172397635983
False,False,DARTER,GRAY,1536,512,/home/durrmeyer/Images/StyleTransferImages/All_layers/BOULDERxFISH02_colorcontrolON_1vs1e3_TVlossON_1e-3.png,683.9412231445312,73.46996307373047,1.2635769844055176,1.3796011369173842,13.569711685180664,0.05646646546868534
False,False,DARTER,GRAY,1536,512,/home/durrmeyer/Images/StyleTransferImages/All_layers/BOULDERxSANDxFISH10_colorcontrolOFF_1vs1e3_TVlossON_1e-3.png,681.5774536132812,73.4114761352539,1.489805817604065,1.7471268406946958,13.569726943969727,0.05516813756766761
False,False,DARTER,GRAY,1536,512,/home/durrmeyer/Images/StyleTransferImages/All_layers/PLANTSxFISH01_colorcontrolON_1vs1e3_TVlossON_1e-3.png,738.7919311523438,58.34596633911133,1.3460288047790527,1.367846734614516,13.57224178314209,0.04130079057018513
False,False,DARTER,GRAY,1536,512,/home/durrmeyer/Images/StyleTransferImages/All_layers/SANDxFISH03_colorcontrolOFF_1vs1e3_TVlossON_1e-3.png,735.9370727539062,55.27529525756836,1.1388033628463745,0.43587387350704043,13.572508811950684,0.03988924893801908
False,False,DARTER,GRAY,1536,512,/home/durrmeyer/Images/StyleTransferImages/All_layers/PLANTSxFISH02_colorcontrolOFF_1vs1e3_TVlossON_1e-3.png,732.5795288085938,60.009517669677734,1.432267427444458,1.3799665058191044,13.572021484375,0.042112859727643975
False,False,DARTER,GRAY,1536,512,/home/durrmeyer/Images/StyleTransferImages/All_layers/SANDxFISH10_colorcontrolOFF_1vs1e3_TVlossON_1e-3.png,732.1526489257812,56.02470779418945,1.359393835067749,1.144628702987517,13.572422981262207,0.039731319913119525
False,False,DARTER,GRAY,1536,512,/home/durrmeyer/Images/StyleTransferImages/All_layers/BOULDERxFISH10_colorcontrolOFF_1vs1e3_TVlossON_1e-3.png,678.8235473632812,72.3017349243164,1.358707308769226,1.7335984234587976,13.569815635681152,0.055714940441602086
False,False,DARTER,GRAY,1536,512,/home/durrmeyer/Images/StyleTransferImages/All_layers/SANDxFISH03_colorcontrolON_1vs1e3_TVlossON_1e-3.png,741.4013061523438,57.634864807128906,1.1107373237609863,0.3644768680770256,13.572315216064453,0.04142547917783934
False,False,DARTER,GRAY,1536,512,/home/durrmeyer/Images/StyleTransferImages/All_layers/DETRITUSxFISH03_colorcontrolON_1vs1e3_TVlossON_1e-3.png,739.989990234375,66.9765625,0.9819734692573547,-0.3420422949729143,13.571276664733887,0.0483003608836566
False,False,DARTER,GRAY,1536,512,/home/durrmeyer/Images/StyleTransferImages/All_layers/DETRITUSxFISH03_colorcontrolOFF_1vs1e3_TVlossON_1e-3.png,734.146484375,63.8539924621582,1.006191372871399,-0.25360379751407036,13.571571350097656,0.046345760087452684
False,False,DARTER,GRAY,1536,512,/home/durrmeyer/Images/StyleTransferImages/All_layers/SANDxFISH01_colorcontrolOFF_1vs1e3_TVlossON_1e-3.png,734.8833618164062,54.302940368652344,1.3688355684280396,1.2085417910792877,13.572617530822754,0.03832485206660248
False,False,DARTER,GRAY,1536,512,/home/durrmeyer/Images/StyleTransferImages/All_layers/BOULDERxSANDxFISH04_colorcontrolOFF_1vs1e3_TVlossON_1e-3.png,682.9797973632812,75.58684539794922,1.383037805557251,1.1648678174177913,13.569403648376465,0.057050220632944744
False,False,DARTER,GRAY,1536,512,/home/durrmeyer/Images/StyleTransferImages/All_layers/BOULDERxSANDxFISH03_colorcontrolON_1vs1e3_TVlossON_1e-3.png,694.3945922851562,79.0964584350586,0.9757621884346008,0.3055621078222477,13.568971633911133,0.06176233052219166
False,False,DARTER,GRAY,1536,512,/home/durrmeyer/Images/StyleTransferImages/All_layers/BOULDERxFISH01_colorcontrolON_1vs1e3_TVlossON_1e-3.png,686.9788208007812,73.76190948486328,0.9824582934379578,0.819253449589818,13.569664001464844,0.05822564228972521
False,False,DARTER,GRAY,1536,512,/home/durrmeyer/Images/StyleTransferImages/All_layers/GRAVELxFISH04_colorcontrolON_1vs1e3_TVlossON_1e-3.png,736.546875,61.43916320800781,1.2207096815109253,0.9647076530225549,13.57188606262207,0.04424346071721886
False,False,DARTER,GRAY,1536,512,/home/durrmeyer/Images/StyleTransferImages/All_layers/BOULDERxFISH03_colorcontrolON_1vs1e3_TVlossON_1e-3.png,688.836669921875,76.29027557373047,0.9436048865318298,0.535825603090637,13.56930160522461,0.059955213647185104
False,False,DARTER,GRAY,1536,512,/home/durrmeyer/Images/StyleTransferImages/All_layers/BOULDERxSANDxFISH02_colorcontrolOFF_1vs1e3_TVlossON_1e-3.png,682.8004760742188,75.32071685791016,1.3769285678863525,1.3415949207502527,13.569442749023438,0.05705669677557917
False,False,DARTER,GRAY,1536,512,/home/durrmeyer/Images/StyleTransferImages/All_layers/GRAVELxFISH04_colorcontrolOFF_1vs1e3_TVlossON_1e-3.png,730.1085815429688,59.93199920654297,1.284481406211853,1.2206161033894407,13.57199478149414,0.04325812354001238
False,False,DARTER,GRAY,1536,512,/home/durrmeyer/Images/StyleTransferImages/All_layers/DETRITUSxFISH10_colorcontrolON_1vs1e3_TVlossON_1e-3.png,736.5048217773438,68.1220703125,1.1769890785217285,0.17098707519316614,13.571121215820312,0.048310007392962234
False,False,DARTER,GRAY,1536,512,/home/durrmeyer/Images/StyleTransferImages/All_layers/DETRITUSxFISH04_colorcontrolOFF_1vs1e3_TVlossON_1e-3.png,729.5049438476562,65.2396011352539,1.1428542137145996,0.05146032685102053,13.57138442993164,0.04675775336326259
False,False,DARTER,GRAY,1536,512,/home/durrmeyer/Images/StyleTransferImages/All_layers/BOULDERxFISH04_colorcontrolON_1vs1e3_TVlossON_1e-3.png,686.0842895507812,75.0046157836914,1.2409523725509644,1.143401419936164,13.569514274597168,0.057497132234341594
False,False,DARTER,GRAY,1536,512,/home/durrmeyer/Images/StyleTransferImages/All_layers/BOULDERxSANDxFISH01_colorcontrolOFF_1vs1e3_TVlossON_1e-3.png,688.0663452148438,75.68671417236328,1.084452509880066,0.7773620404244896,13.569408416748047,0.059404714378122773
False,False,DARTER,GRAY,1536,512,/home/durrmeyer/Images/StyleTransferImages/All_layers/PLANTSxFISH10_colorcontrolOFF_1vs1e3_TVlossON_1e-3.png,730.2014770507812,58.8323860168457,1.5906609296798706,2.1070450659604028,13.572135925292969,0.040760193488212075
False,False,DARTER,GRAY,1536,512,/home/durrmeyer/Images/StyleTransferImages/All_layers/BOULDERxSANDxFISH01_colorcontrolON_1vs1e3_TVlossON_1e-3.png,693.078857421875,76.26448822021484,1.011121392250061,0.5037546222622984,13.569396018981934,0.05980173679962789
False,False,DARTER,GRAY,1536,512,/home/durrmeyer/Images/StyleTransferImages/All_layers/DETRITUSxFISH04_colorcontrolON_1vs1e3_TVlossON_1e-3.png,737.0984497070312,69.5961685180664,1.106006383895874,-0.08828501432002334,13.570941925048828,0.04949207476639093
False,False,DARTER,GRAY,1536,512,/home/durrmeyer/Images/StyleTransferImages/All_layers/GRAVELxFISH02_colorcontrolON_1vs1e3_TVlossON_1e-3.png,731.507080078125,60.52524948120117,1.3555010557174683,1.3375430227347156,13.571953773498535,0.043135808107172664
False,False,DARTER,GRAY,1536,512,/home/durrmeyer/Images/StyleTransferImages/All_layers/PLANTSxFISH01_colorcontrolOFF_1vs1e3_TVlossON_1e-3.png,734.0044555664062,58.00873947143555,1.4726731777191162,1.8422560228906155,13.572240829467773,0.040743313543687584
False,False,DARTER,GRAY,1536,512,/home/durrmeyer/Images/StyleTransferImages/All_layers/BOULDERxSANDxFISH03_colorcontrolOFF_1vs1e3_TVlossON_1e-3.png,689.1950073242188,77.82294464111328,0.9982305765151978,0.38524089362878833,13.569080352783203,0.06108714177569444
False,False,DARTER,GRAY,1536,512,/home/durrmeyer/Images/StyleTransferImages/All_layers/SANDxFISH10_colorcontrolON_1vs1e3_TVlossON_1e-3.png,738.6099243164062,58.729103088378906,1.2948683500289917,0.9011050598765613,13.572200775146484,0.041591286487077404
False,False,DARTER,GRAY,1536,512,/home/durrmeyer/Images/StyleTransferImages/All_layers/GRAVELxFISH02_colorcontrolOFF_1vs1e3_TVlossON_1e-3.png,726.54736328125,60.46310043334961,1.447312831878662,1.6666282453954233,13.571921348571777,0.04290337260590665
False,False,DARTER,GRAY,1536,512,/home/durrmeyer/Images/StyleTransferImages/All_layers/BOULDERxSANDxFISH10_colorcontrolON_1vs1e3_TVlossON_1e-3.png,687.5870971679688,74.91490173339844,1.4003791809082031,1.3471943176050676,13.569587707519531,0.056311165900443126
False,False,DARTER,GRAY,1536,512,/home/durrmeyer/Images/StyleTransferImages/FISH_images/FISH09_cropped_3000x1000_CAER_REDR_M09.jpg,587.3312377929688,40.849449157714844,0.9933226704597473,1.719206592509737,13.572895050048828,0.037820385335890216
False,False,DARTER,GRAY,1536,512,/home/durrmeyer/Images/StyleTransferImages/FISH_images/FISH02_cropped_3000x1000_CAER_REDR_M02.jpg,636.5895385742188,61.94270324707031,0.853523313999176,0.3890241124808842,13.570635795593262,0.05371565855227854
False,False,DARTER,GRAY,1536,512,/home/durrmeyer/Images/StyleTransferImages/FISH_images/FISH06_cropped_3000x1000_CAER_REDR_M06.jpg,595.345703125,43.8215446472168,1.0536237955093384,1.9925666911988413,13.572608947753906,0.03954819213095127
False,False,DARTER,GRAY,1536,512,/home/durrmeyer/Images/StyleTransferImages/FISH_images/FISH07_cropped_3000x1000_CAER_REDR_M07.jpg,644.83447265625,53.1204948425293,0.5734817385673523,-0.04964701302259744,13.57191276550293,0.04617766473827646
False,False,DARTER,GRAY,1536,512,/home/durrmeyer/Images/StyleTransferImages/FISH_images/FISH08_cropped_3000x1000_CAER_REDR_M08.jpg,637.9508666992188,55.24724197387695,0.7170590758323669,0.22402689069777537,13.571574211120605,0.04811847078031919
False,False,DARTER,GRAY,1536,512,/home/durrmeyer/Images/StyleTransferImages/FISH_images/FISH03_cropped_3000x1000_CAER_REDR_M03.jpg,652.7103881835938,65.42228698730469,0.6579915285110474,-0.1260763975043644,13.570327758789062,0.05611213171674393
False,False,DARTER,GRAY,1536,512,/home/durrmeyer/Images/StyleTransferImages/FISH_images/FISH10_cropped_3000x1000_CAER_REDR_M10.jpg,600.0932006835938,50.01871109008789,0.96168452501297,0.9175259531881244,13.571866989135742,0.045624171073918925
False,False,DARTER,GRAY,1536,512,/home/durrmeyer/Images/StyleTransferImages/FISH_images/FISH04_cropped_3000x1000_CAER_REDR_M04.jpg,610.3579711914062,57.74482727050781,1.0364437103271484,0.9331083186401679,13.570910453796387,0.051259781518256275
False,False,DARTER,GRAY,1536,512,/home/durrmeyer/Images/StyleTransferImages/FISH_images/FISH01_cropped_3000x1000_CAER_REDR_M01.jpg,644.2839965820312,62.45330810546875,0.8093511462211609,0.21892152692069278,13.570662498474121,0.05373559666404283
False,False,DARTER,GRAY,1536,512,/home/durrmeyer/Images/StyleTransferImages/HABITAT_images/GRAVELxALGAE_cropped_3000x1000_middle_tt_resized_div1_5_52A5807defWB.jpg,753.95166015625,56.20005416870117,-0.020691784098744392,-0.42643418871237415,13.572473526000977,0.042429998206890675
False,False,DARTER,GRAY,1536,512,/home/durrmeyer/Images/StyleTransferImages/HABITAT_images/BOULDER_cropped_3000x1000_middle_tt_resized_div1_5_52A5691defWB.jpg,692.0791625976562,78.10074615478516,0.4983547627925873,-0.39502064354870603,13.568984985351562,0.06396167874349243
False,False,DARTER,GRAY,1536,512,/home/durrmeyer/Images/StyleTransferImages/HABITAT_images/BOULDERxSAND_Eolmstedi_cropped_3000x1000_middle_tt_resized_div1_5_52A6174defWB.jpg,702.427001953125,80.13014221191406,0.3004286289215088,-0.36526755715393033,13.568794250488281,0.06476284845864294
False,False,DARTER,GRAY,1536,512,/home/durrmeyer/Images/StyleTransferImages/HABITAT_images/GRAVEL_cropped_3000x1000_middle_tt_resized_div1_5_52A5680defWB.jpg,744.1071166992188,54.788360595703125,0.4001465439796448,-0.37046837572805114,13.572571754455566,0.04182939676260741
False,False,DARTER,GRAY,1536,512,/home/durrmeyer/Images/StyleTransferImages/HABITAT_images/GRAVELxFLOOR_cropped_3000x1000_middle_tt_resized_div1_5_52A5809defWB.jpg,722.4765014648438,62.344329833984375,0.2903115153312683,-0.24541342027006863,13.57155990600586,0.04898973352313399
False,False,DARTER,GRAY,1536,512,/home/durrmeyer/Images/StyleTransferImages/HABITAT_images/PLANTS_cropped_3000x1000_middle_tt_resized_div1_5_52A5711defWB.jpg,751.8456420898438,46.56522750854492,0.9882082939147949,1.7374592732576302,13.57337474822998,0.03348466019782256
False,False,DARTER,GRAY,1536,512,/home/durrmeyer/Images/StyleTransferImages/HABITAT_images/DETRITUS_cropped_3000x1000_middle_tt_resized_div1_5_52A7724defWB.jpg,759.1261596679688,46.72377014160156,-0.08389090746641159,-0.7466587537623428,13.573356628417969,0.03525774698156726
False,False,DARTER,GRAY,1536,512,/home/durrmeyer/Images/StyleTransferImages/HABITAT_images/SAND_Eolmstedi_cropped_3000x1000_middle_tt_resized_div1_5_52A6208defWB.jpg,754.49755859375,37.936038970947266,0.8421486616134644,0.8631082833666226,13.574007034301758,0.027713502685428073
