,Unnamed: 0,normalization,standardization,image_type,channel_image,image_resize_x,image_resize_y,Image_path,mean_stat,std_stat,skewness_stat,kurtosis_stat,entropy_stat,gini_coefficient
0,0.0,False,False,DARTER,GRAY,,,C:\Users\alexd\CEFE\Images\StyleTransferImages\FISH_images\FISH01_cropped_3000x1000_CAER_REDR_M01.jpg,644.2714233398438,62.38987350463867,0.8088341355323792,0.2188289415636561,14.909534454345703,0.0536820654450294
1,,False,False,DARTER,GRAY,,,C:\Users\alexd\CEFE\Images\StyleTransferImages\Layers_3to5\SANDxFISH10_colorcontrolON_1vs1e3_TVlossON_1e-3_layers3to5.png,673.8956909179688,57.99345779418945,1.4279768466949463,1.8609266399561832,11.37055492401123,0.0445974772171522
2,,False,False,DARTER,GRAY,,,C:\Users\alexd\CEFE\Images\StyleTransferImages\Layers_3to5\SANDxFISH10_colorcontrolOFF_1vs1e3_TVlossON_1e-3_layers3to5.png,667.6898193359375,57.08621597290039,1.4526320695877075,1.9946965841968272,11.370599746704102,0.04419174016010757
3,,False,False,DARTER,GRAY,,,C:\Users\alexd\CEFE\Images\StyleTransferImages\Layers_3to5\SANDxFISH04_colorcontrolON_1vs1e3_TVlossON_1e-3_layers3to5.png,681.846435546875,59.20878219604492,1.3323254585266113,1.4790652794244865,11.370478630065918,0.045386132100722246
4,,False,False,DARTER,GRAY,,,C:\Users\alexd\CEFE\Images\StyleTransferImages\Layers_3to5\SANDxFISH04_colorcontrolOFF_1vs1e3_TVlossON_1e-3_layers3to5.png,674.9356689453125,57.76082229614258,1.3211239576339722,1.437593377137314,11.37058162689209,0.04473962184582409
5,,False,False,DARTER,GRAY,,,C:\Users\alexd\CEFE\Images\StyleTransferImages\Layers_3to5\SANDxFISH03_colorcontrolON_1vs1e3_TVlossON_1e-3_layers3to5.png,695.7903442382812,57.21742630004883,1.1829664707183838,1.27763594652847,11.370838165283203,0.04377040459024873
6,,False,False,DARTER,GRAY,,,C:\Users\alexd\CEFE\Images\StyleTransferImages\Layers_3to5\SANDxFISH03_colorcontrolOFF_1vs1e3_TVlossON_1e-3_layers3to5.png,690.8810424804688,56.571311950683594,1.1525413990020752,1.1998051065564903,11.370861053466797,0.04368193710761043
7,,False,False,DARTER,GRAY,,,C:\Users\alexd\CEFE\Images\StyleTransferImages\Layers_3to5\SANDxFISH02_colorcontrolON_1vs1e3_TVlossON_1e-3_layers3to5.png,687.2296142578125,54.81735610961914,1.4276450872421265,1.8731692671125044,11.371047973632812,0.041249634703987334
8,,False,False,DARTER,GRAY,,,C:\Users\alexd\CEFE\Images\StyleTransferImages\Layers_3to5\SANDxFISH02_colorcontrolOFF_1vs1e3_TVlossON_1e-3_layers3to5.png,681.7054443359375,54.33833312988281,1.4537605047225952,2.005534995318558,11.371054649353027,0.04107243453855633
9,,False,False,DARTER,GRAY,,,C:\Users\alexd\CEFE\Images\StyleTransferImages\Layers_3to5\SANDxFISH01_colorcontrolON_1vs1e3_TVlossON_1e-3_layers3to5.png,687.5506591796875,54.795101165771484,1.1134473085403442,1.1250422185173212,11.3710298538208,0.04296179188701664
10,,False,False,DARTER,GRAY,,,C:\Users\alexd\CEFE\Images\StyleTransferImages\Layers_3to5\SANDxFISH01_colorcontrolOFF_1vs1e3_TVlossON_1e-3_layers3to5.png,682.7931518554688,54.64463806152344,1.110853672027588,1.164107582491793,11.371002197265625,0.04315010668658372
11,,False,False,DARTER,GRAY,,,C:\Users\alexd\CEFE\Images\StyleTransferImages\Layers_3to5\PLANTSxFISH10_colorcontrolON_1vs1e3_TVlossON_1e-3_layers3to5.png,671.3004150390625,61.02915573120117,1.4987783432006836,2.325183798405642,11.37015151977539,0.0468504788123284
12,,False,False,DARTER,GRAY,,,C:\Users\alexd\CEFE\Images\StyleTransferImages\Layers_3to5\PLANTSxFISH10_colorcontrolOFF_1vs1e3_TVlossON_1e-3_layers3to5.png,665.2511596679688,60.665435791015625,1.5392049551010132,2.52454039269196,11.370132446289062,0.04680600168192312
13,,False,False,DARTER,GRAY,,,C:\Users\alexd\CEFE\Images\StyleTransferImages\Layers_3to5\PLANTSxFISH04_colorcontrolON_1vs1e3_TVlossON_1e-3_layers3to5.png,680.353759765625,63.01529312133789,1.4013108015060425,1.6876493049155528,11.369996070861816,0.0480630650872044
14,,False,False,DARTER,GRAY,,,C:\Users\alexd\CEFE\Images\StyleTransferImages\Layers_3to5\PLANTSxFISH04_colorcontrolOFF_1vs1e3_TVlossON_1e-3_layers3to5.png,673.610107421875,62.27464294433594,1.3991676568984985,1.6907218200948,11.370009422302246,0.047968562487058164
15,,False,False,DARTER,GRAY,,,C:\Users\alexd\CEFE\Images\StyleTransferImages\Layers_3to5\PLANTSxFISH03_colorcontrolON_1vs1e3_TVlossON_1e-3_layers3to5.png,694.4846801757812,61.75226593017578,1.0874109268188477,0.9139627966289221,11.370278358459473,0.04763922644462171
16,,False,False,DARTER,GRAY,,,C:\Users\alexd\CEFE\Images\StyleTransferImages\Layers_3to5\PLANTSxFISH03_colorcontrolOFF_1vs1e3_TVlossON_1e-3_layers3to5.png,689.8181762695312,61.95323944091797,1.0936918258666992,0.9310192806602555,11.37020206451416,0.04807978563967224
17,,False,False,DARTER,GRAY,,,C:\Users\alexd\CEFE\Images\StyleTransferImages\Layers_3to5\PLANTSxFISH02_colorcontrolON_1vs1e3_TVlossON_1e-3_layers3to5.png,686.9244995117188,59.35703659057617,1.3617165088653564,1.6078755705085994,11.370516777038574,0.04500995003162794
18,,False,False,DARTER,GRAY,,,C:\Users\alexd\CEFE\Images\StyleTransferImages\Layers_3to5\PLANTSxFISH02_colorcontrolOFF_1vs1e3_TVlossON_1e-3_layers3to5.png,681.4306640625,59.624576568603516,1.3841441869735718,1.698095051639549,11.370429992675781,0.045422661365325745
19,,False,False,DARTER,GRAY,,,C:\Users\alexd\CEFE\Images\StyleTransferImages\Layers_3to5\PLANTSxFISH01_colorcontrolON_1vs1e3_TVlossON_1e-3_layers3to5.png,687.5988159179688,58.81439208984375,1.103218913078308,1.2923307478243107,11.370563507080078,0.046118444349961735
20,,False,False,DARTER,GRAY,,,C:\Users\alexd\CEFE\Images\StyleTransferImages\Layers_3to5\PLANTSxFISH01_colorcontrolOFF_1vs1e3_TVlossON_1e-3_layers3to5.png,683.0916748046875,59.33382034301758,1.1561360359191895,1.5327906538218157,11.37045669555664,0.04663445894323417
21,,False,False,DARTER,GRAY,,,C:\Users\alexd\CEFE\Images\StyleTransferImages\Layers_3to5\GRAVELxFISH10_colorcontrolON_1vs1e3_TVlossON_1e-3_layers3to5.png,665.8302001953125,69.25953674316406,1.3663197755813599,1.8484088025155216,11.368927955627441,0.05458456078007739
22,,False,False,DARTER,GRAY,,,C:\Users\alexd\CEFE\Images\StyleTransferImages\Layers_3to5\GRAVELxFISH10_colorcontrolOFF_1vs1e3_TVlossON_1e-3_layers3to5.png,660.4170532226562,68.76828002929688,1.4062504768371582,2.0615338431869974,11.368922233581543,0.05445138879049951
23,,False,False,DARTER,GRAY,,,C:\Users\alexd\CEFE\Images\StyleTransferImages\Layers_3to5\GRAVELxFISH04_colorcontrolON_1vs1e3_TVlossON_1e-3_layers3to5.png,673.8359375,71.7568588256836,1.220933437347412,1.131747398829006,11.368659973144531,0.05633497919138914
24,,False,False,DARTER,GRAY,,,C:\Users\alexd\CEFE\Images\StyleTransferImages\Layers_3to5\GRAVELxFISH04_colorcontrolOFF_1vs1e3_TVlossON_1e-3_layers3to5.png,667.8983154296875,70.71080780029297,1.2217596769332886,1.1760685256839016,11.368721008300781,0.05599336631049683
25,,False,False,DARTER,GRAY,,,C:\Users\alexd\CEFE\Images\StyleTransferImages\Layers_3to5\GRAVELxFISH03_colorcontrolON_1vs1e3_TVlossON_1e-3_layers3to5.png,690.2227172851562,69.38794708251953,0.9438809156417847,0.6203413154148425,11.369202613830566,0.054638000242411396
26,,False,False,DARTER,GRAY,,,C:\Users\alexd\CEFE\Images\StyleTransferImages\Layers_3to5\GRAVELxFISH03_colorcontrolOFF_1vs1e3_TVlossON_1e-3_layers3to5.png,686.356689453125,69.2193603515625,0.9561695456504822,0.6789876604633718,11.369173049926758,0.054741337697565444
27,,False,False,DARTER,GRAY,,,C:\Users\alexd\CEFE\Images\StyleTransferImages\Layers_3to5\GRAVELxFISH02_colorcontrolON_1vs1e3_TVlossON_1e-3_layers3to5.png,680.8812255859375,67.36967468261719,1.2988852262496948,1.4454803490294887,11.369407653808594,0.0520362726828611
28,,False,False,DARTER,GRAY,,,C:\Users\alexd\CEFE\Images\StyleTransferImages\Layers_3to5\GRAVELxFISH02_colorcontrolOFF_1vs1e3_TVlossON_1e-3_layers3to5.png,676.3077392578125,67.33956146240234,1.3317227363586426,1.6009080874395512,11.369352340698242,0.05218951633289899
29,,False,False,DARTER,GRAY,,,C:\Users\alexd\CEFE\Images\StyleTransferImages\Layers_3to5\GRAVELxFISH01_colorcontrolON_1vs1e3_TVlossON_1e-3_layers3to5.png,683.6851806640625,67.68553924560547,1.0050359964370728,0.8397021138907599,11.369357109069824,0.05386686478816592
30,,False,False,DARTER,GRAY,,,C:\Users\alexd\CEFE\Images\StyleTransferImages\Layers_3to5\GRAVELxFISH01_colorcontrolOFF_1vs1e3_TVlossON_1e-3_layers3to5.png,679.8742065429688,67.6927490234375,1.0424435138702393,1.011243680024812,11.369308471679688,0.0540156389227021
31,,False,False,DARTER,GRAY,,,C:\Users\alexd\CEFE\Images\StyleTransferImages\Layers_3to5\DETRITUSxFISH10_colorcontrolON_1vs1e3_TVlossON_1e-3_layers3to5.png,676.774169921875,63.27395248413086,1.5066395998001099,1.593692185144267,11.369932174682617,0.047352695498990065
32,,False,False,DARTER,GRAY,,,C:\Users\alexd\CEFE\Images\StyleTransferImages\Layers_3to5\DETRITUSxFISH10_colorcontrolOFF_1vs1e3_TVlossON_1e-3_layers3to5.png,670.4209594726562,61.96274185180664,1.5326194763183594,1.7072316221791644,11.370028495788574,0.04663139898891547
33,,False,False,DARTER,GRAY,,,C:\Users\alexd\CEFE\Images\StyleTransferImages\Layers_3to5\DETRITUSxFISH04_colorcontrolON_1vs1e3_TVlossON_1e-3_layers3to5.png,685.2116088867188,63.606239318847656,1.4637621641159058,1.648947067442382,11.36998462677002,0.04757123411389921
34,,False,False,DARTER,GRAY,,,C:\Users\alexd\CEFE\Images\StyleTransferImages\Layers_3to5\DETRITUSxFISH04_colorcontrolOFF_1vs1e3_TVlossON_1e-3_layers3to5.png,678.0873413085938,61.88241195678711,1.4525160789489746,1.6099751808618432,11.370119094848633,0.04680125005438666
35,,False,False,DARTER,GRAY,,,C:\Users\alexd\CEFE\Images\StyleTransferImages\Layers_3to5\DETRITUSxFISH03_colorcontrolON_1vs1e3_TVlossON_1e-3_layers3to5.png,699.4461059570312,61.043296813964844,1.1920310258865356,0.9657641122756098,11.370430946350098,0.046308483058707224
36,,False,False,DARTER,GRAY,,,C:\Users\alexd\CEFE\Images\StyleTransferImages\Layers_3to5\DETRITUSxFISH03_colorcontrolOFF_1vs1e3_TVlossON_1e-3_layers3to5.png,694.282958984375,59.860958099365234,1.1556119918823242,0.8536500059220438,11.370513916015625,0.0458951956851533
37,,False,False,DARTER,GRAY,,,C:\Users\alexd\CEFE\Images\StyleTransferImages\Layers_3to5\DETRITUSxFISH02_colorcontrolON_1vs1e3_TVlossON_1e-3_layers3to5.png,690.1525268554688,58.69968032836914,1.4971246719360352,1.7438484557387426,11.370641708374023,0.043304167186511464
38,,False,False,DARTER,GRAY,,,C:\Users\alexd\CEFE\Images\StyleTransferImages\Layers_3to5\DETRITUSxFISH02_colorcontrolOFF_1vs1e3_TVlossON_1e-3_layers3to5.png,684.517822265625,57.8800048828125,1.5016368627548218,1.753939942748497,11.370683670043945,0.042991180261843516
39,,False,False,DARTER,GRAY,,,C:\Users\alexd\CEFE\Images\StyleTransferImages\Layers_3to5\DETRITUSxFISH01_colorcontrolON_1vs1e3_TVlossON_1e-3_layers3to5.png,692.4083862304688,58.724117279052734,1.1288292407989502,0.8536693373762247,11.370626449584961,0.045541450139848436
40,,False,False,DARTER,GRAY,,,C:\Users\alexd\CEFE\Images\StyleTransferImages\Layers_3to5\DETRITUSxFISH01_colorcontrolOFF_1vs1e3_TVlossON_1e-3_layers3to5.png,687.5076904296875,58.219356536865234,1.1333879232406616,0.9013931855199622,11.370636940002441,0.04546403965517887
41,,False,False,DARTER,GRAY,,,C:\Users\alexd\CEFE\Images\StyleTransferImages\Layers_3to5\BOULDERxSANDxFISH10_colorcontrolON_1vs1e3_TVlossON_1e-3_layers3to5.png,643.315185546875,62.87249755859375,1.3153444528579712,1.8438813212426632,11.369518280029297,0.051563179270997885
42,,False,False,DARTER,GRAY,,,C:\Users\alexd\CEFE\Images\StyleTransferImages\Layers_3to5\BOULDERxSANDxFISH10_colorcontrolOFF_1vs1e3_TVlossON_1e-3_layers3to5.png,637.5761108398438,62.23386001586914,1.3458136320114136,2.0002643686177706,11.369535446166992,0.05136747065592181
43,,False,False,DARTER,GRAY,,,C:\Users\alexd\CEFE\Images\StyleTransferImages\Layers_3to5\BOULDERxSANDxFISH04_colorcontrolON_1vs1e3_TVlossON_1e-3_layers3to5.png,652.6961059570312,66.6240463256836,1.2786827087402344,1.509805638276294,11.369105339050293,0.053594369500540084
44,,False,False,DARTER,GRAY,,,C:\Users\alexd\CEFE\Images\StyleTransferImages\Layers_3to5\BOULDERxSANDxFISH04_colorcontrolOFF_1vs1e3_TVlossON_1e-3_layers3to5.png,646.373046875,65.73271179199219,1.2817106246948242,1.5475093950949406,11.369142532348633,0.05337290980322591
45,,False,False,DARTER,GRAY,,,C:\Users\alexd\CEFE\Images\StyleTransferImages\Layers_3to5\BOULDERxSANDxFISH03_colorcontrolON_1vs1e3_TVlossON_1e-3_layers3to5.png,676.2093505859375,66.8310775756836,0.8482767343521118,0.46324127941896087,11.36935043334961,0.05405896573009647
46,,False,False,DARTER,GRAY,,,C:\Users\alexd\CEFE\Images\StyleTransferImages\Layers_3to5\BOULDERxSANDxFISH03_colorcontrolOFF_1vs1e3_TVlossON_1e-3_layers3to5.png,671.8991088867188,66.64022064208984,0.8550209999084473,0.48444825618269194,11.369318962097168,0.054215953423180224
47,,False,False,DARTER,GRAY,,,C:\Users\alexd\CEFE\Images\StyleTransferImages\Layers_3to5\BOULDERxSANDxFISH02_colorcontrolON_1vs1e3_TVlossON_1e-3_layers3to5.png,665.3323364257812,62.977882385253906,1.134033203125,1.1800877825883305,11.369778633117676,0.050562200494445854
48,,False,False,DARTER,GRAY,,,C:\Users\alexd\CEFE\Images\StyleTransferImages\Layers_3to5\BOULDERxSANDxFISH02_colorcontrolOFF_1vs1e3_TVlossON_1e-3_layers3to5.png,660.3604125976562,62.79491424560547,1.160042643547058,1.285068169745636,11.36974048614502,0.05066999458263049
49,,False,False,DARTER,GRAY,,,C:\Users\alexd\CEFE\Images\StyleTransferImages\Layers_3to5\BOULDERxSANDxFISH01_colorcontrolON_1vs1e3_TVlossON_1e-3_layers3to5.png,668.3665771484375,64.01686096191406,0.7965043187141418,0.4624119061312917,11.369630813598633,0.052971515010804916
50,,False,False,DARTER,GRAY,,,C:\Users\alexd\CEFE\Images\StyleTransferImages\Layers_3to5\BOULDERxSANDxFISH01_colorcontrolOFF_1vs1e3_TVlossON_1e-3_layers3to5.png,664.1368408203125,64.0221939086914,0.8232496380805969,0.5666076449816675,11.36957836151123,0.05321612668427896
51,,False,False,DARTER,GRAY,,,C:\Users\alexd\CEFE\Images\StyleTransferImages\Layers_3to5\BOULDERxFISH10_colorcontrolON_1vs1e3_TVlossON_1e-3_layers3to5.png,640.0235595703125,69.56343841552734,1.202290415763855,1.5548321753854397,11.368429183959961,0.05795119914800555
52,,False,False,DARTER,GRAY,,,C:\Users\alexd\CEFE\Images\StyleTransferImages\Layers_3to5\BOULDERxFISH10_colorcontrolOFF_1vs1e3_TVlossON_1e-3_layers3to5.png,635.3160400390625,68.83650207519531,1.2222572565078735,1.6473147882663248,11.368465423583984,0.057665224514760534
53,,False,False,DARTER,GRAY,,,C:\Users\alexd\CEFE\Images\StyleTransferImages\Layers_3to5\BOULDERxFISH04_colorcontrolON_1vs1e3_TVlossON_1e-3_layers3to5.png,648.0574340820312,73.65105438232422,1.1973017454147339,1.3236848859772241,11.36790657043457,0.060292257000789294
54,,False,False,DARTER,GRAY,,,C:\Users\alexd\CEFE\Images\StyleTransferImages\Layers_3to5\BOULDERxFISH04_colorcontrolOFF_1vs1e3_TVlossON_1e-3_layers3to5.png,642.6814575195312,72.77832794189453,1.1822600364685059,1.3068128648144413,11.36794662475586,0.06012190516323563
55,,False,False,DARTER,GRAY,,,C:\Users\alexd\CEFE\Images\StyleTransferImages\Layers_3to5\BOULDERxFISH03_colorcontrolON_1vs1e3_TVlossON_1e-3_layers3to5.png,672.1434936523438,73.99143981933594,0.778354823589325,0.4780644545930173,11.368197441101074,0.06046628722266143
56,,False,False,DARTER,GRAY,,,C:\Users\alexd\CEFE\Images\StyleTransferImages\Layers_3to5\BOULDERxFISH03_colorcontrolOFF_1vs1e3_TVlossON_1e-3_layers3to5.png,668.7200317382812,73.72933959960938,0.7717007994651794,0.4720987091339435,11.36817741394043,0.06056485190528228
57,,False,False,DARTER,GRAY,,,C:\Users\alexd\CEFE\Images\StyleTransferImages\Layers_3to5\BOULDERxFISH02_colorcontrolON_1vs1e3_TVlossON_1e-3_layers3to5.png,661.2752075195312,70.05004119873047,1.0897921323776245,1.256369253084224,11.36868953704834,0.05674744006135558
58,,False,False,DARTER,GRAY,,,C:\Users\alexd\CEFE\Images\StyleTransferImages\Layers_3to5\BOULDERxFISH02_colorcontrolOFF_1vs1e3_TVlossON_1e-3_layers3to5.png,657.1224365234375,70.06367492675781,1.1028530597686768,1.3272671436103236,11.368620872497559,0.05702123020819582
59,,False,False,DARTER,GRAY,,,C:\Users\alexd\CEFE\Images\StyleTransferImages\Layers_3to5\BOULDERxFISH01_colorcontrolON_1vs1e3_TVlossON_1e-3_layers3to5.png,664.2947387695312,70.67987823486328,0.7715690732002258,0.6254561258523683,11.368582725524902,0.0586684872875884
60,,False,False,DARTER,GRAY,,,C:\Users\alexd\CEFE\Images\StyleTransferImages\Layers_3to5\BOULDERxFISH01_colorcontrolOFF_1vs1e3_TVlossON_1e-3_layers3to5.png,660.97802734375,70.61546325683594,0.7859371900558472,0.6860034070460559,11.368537902832031,0.05884959292795978
61,,False,False,DARTER,GRAY,,,C:\Users\alexd\CEFE\Images\StyleTransferImages\Layers_1and2\SANDxFISH10_colorcontrolON_1vs1e3_TVlossON_1e-3_layers1and2.png,741.578125,56.95803451538086,1.2337875366210938,1.1042846535051236,11.371255874633789,0.040705918796677204
62,,False,False,DARTER,GRAY,,,C:\Users\alexd\CEFE\Images\StyleTransferImages\Layers_1and2\SANDxFISH10_colorcontrolOFF_1vs1e3_TVlossON_1e-3_layers1and2.png,735.4034423828125,53.89647674560547,1.3228577375411987,1.443084632366932,11.371514320373535,0.03848053703204794
63,,False,False,DARTER,GRAY,,,C:\Users\alexd\CEFE\Images\StyleTransferImages\Layers_1and2\SANDxFISH04_colorcontrolON_1vs1e3_TVlossON_1e-3_layers1and2.png,743.6276245117188,58.471824645996094,1.0412473678588867,0.3298273144853847,11.37110710144043,0.04237135457047592
64,,False,False,DARTER,GRAY,,,C:\Users\alexd\CEFE\Images\StyleTransferImages\Layers_1and2\SANDxFISH04_colorcontrolOFF_1vs1e3_TVlossON_1e-3_layers1and2.png,736.6829223632812,54.72866439819336,1.1138391494750977,0.575960919435063,11.371432304382324,0.03975455365741272
65,,False,False,DARTER,GRAY,,,C:\Users\alexd\CEFE\Images\StyleTransferImages\Layers_1and2\SANDxFISH03_colorcontrolON_1vs1e3_TVlossON_1e-3_layers1and2.png,741.3452758789062,58.448909759521484,1.0437581539154053,0.23242846942792061,11.371091842651367,0.04234185507979362
66,,False,False,DARTER,GRAY,,,C:\Users\alexd\CEFE\Images\StyleTransferImages\Layers_1and2\SANDxFISH03_colorcontrolOFF_1vs1e3_TVlossON_1e-3_layers1and2.png,736.4122924804688,55.340118408203125,1.0931395292282104,0.3907581451117297,11.371368408203125,0.040152843302047096
67,,False,False,DARTER,GRAY,,,C:\Users\alexd\CEFE\Images\StyleTransferImages\Layers_1and2\SANDxFISH02_colorcontrolON_1vs1e3_TVlossON_1e-3_layers1and2.png,738.26123046875,58.09773635864258,1.2411712408065796,0.8246565838831121,11.371115684509277,0.04136323488755601
68,,False,False,DARTER,GRAY,,,C:\Users\alexd\CEFE\Images\StyleTransferImages\Layers_1and2\SANDxFISH02_colorcontrolOFF_1vs1e3_TVlossON_1e-3_layers1and2.png,732.911865234375,55.67216110229492,1.3424822092056274,1.1902762952593102,11.371325492858887,0.0394856487056713
69,,False,False,DARTER,GRAY,,,C:\Users\alexd\CEFE\Images\StyleTransferImages\Layers_1and2\SANDxFISH01_colorcontrolON_1vs1e3_TVlossON_1e-3_layers1and2.png,739.7720336914062,56.76432800292969,1.1980133056640625,0.8917431648572585,11.371258735656738,0.04082111684292891
70,,False,False,DARTER,GRAY,,,C:\Users\alexd\CEFE\Images\StyleTransferImages\Layers_1and2\SANDxFISH01_colorcontrolOFF_1vs1e3_TVlossON_1e-3_layers1and2.png,735.0906982421875,54.31559371948242,1.2723065614700317,1.1892332166944257,11.37147045135498,0.039023419353598335
71,,False,False,DARTER,GRAY,,,C:\Users\alexd\CEFE\Images\StyleTransferImages\Layers_1and2\PlantsxFISH10_colorcontrolON_1vs1e3_TVlossON_1e-3_layers1and2.png,741.788818359375,57.114871978759766,1.329413890838623,1.6252881857146502,11.371249198913574,0.04036197707060678
72,,False,False,DARTER,GRAY,,,C:\Users\alexd\CEFE\Images\StyleTransferImages\Layers_1and2\PlantsxFISH10_colorcontrolOFF_1vs1e3_TVlossON_1e-3_layers1and2.png,735.8786010742188,55.417091369628906,1.4662820100784302,2.1610351029930746,11.371379852294922,0.03894924144205186
73,,False,False,DARTER,GRAY,,,C:\Users\alexd\CEFE\Images\StyleTransferImages\Layers_1and2\PLANTSxFISH04_colorcontrolON_1vs1e3_TVlossON_1e-3_layers1and2.png,750.4171142578125,55.30754470825195,0.9242143630981445,0.4858405622244639,11.371460914611816,0.040227541262622485
74,,False,False,DARTER,GRAY,,,C:\Users\alexd\CEFE\Images\StyleTransferImages\Layers_1and2\PLANTSxFISH04_colorcontrolOFF_1vs1e3_TVlossON_1e-3_layers1and2.png,743.1401977539062,53.03850555419922,1.0249509811401367,0.7430309623909004,11.37162971496582,0.03860317166713752
75,,False,False,DARTER,GRAY,,,C:\Users\alexd\CEFE\Images\StyleTransferImages\Layers_1and2\PLANTSxFISH03_colorcontrolON_1vs1e3_TVlossON_1e-3_layers1and2.png,743.7904663085938,57.38950729370117,0.9416220188140869,0.22545401622233463,11.371210098266602,0.04206292518543017
76,,False,False,DARTER,GRAY,,,C:\Users\alexd\CEFE\Images\StyleTransferImages\Layers_1and2\PLANTSxFISH03_colorcontrolOFF_1vs1e3_TVlossON_1e-3_layers1and2.png,739.1648559570312,56.32239532470703,1.0621341466903687,0.587348822237499,11.371289253234863,0.0410629266776838
77,,False,False,DARTER,GRAY,,,C:\Users\alexd\CEFE\Images\StyleTransferImages\Layers_1and2\PLANTSxFISH02_colorcontrolON_1vs1e3_TVlossON_1e-3_layers1and2.png,741.1455688476562,57.31108474731445,1.2040497064590454,0.9472421410470657,11.371216773986816,0.041000282803530734
78,,False,False,DARTER,GRAY,,,C:\Users\alexd\CEFE\Images\StyleTransferImages\Layers_1and2\PLANTSxFISH02_colorcontrolOFF_1vs1e3_TVlossON_1e-3_layers1and2.png,735.783935546875,56.48886489868164,1.3676097393035889,1.518430461693641,11.37126636505127,0.04001292271303332
79,,False,False,DARTER,GRAY,,,C:\Users\alexd\CEFE\Images\StyleTransferImages\Layers_1and2\PLANTSxFISH01_colorcontrolON_1vs1e3_TVlossON_1e-3_layers1and2.png,740.2592163085938,56.66121292114258,1.3215152025222778,1.5432829134819173,11.371282577514648,0.0402244732164441
80,,False,False,DARTER,GRAY,,,C:\Users\alexd\CEFE\Images\StyleTransferImages\Layers_1and2\PLANTSxFISH01_colorcontrolOFF_1vs1e3_TVlossON_1e-3_layers1and2.png,735.5953369140625,55.59278869628906,1.4509451389312744,2.040570693533139,11.371357917785645,0.0391876360092285
81,,False,False,DARTER,GRAY,,,C:\Users\alexd\CEFE\Images\StyleTransferImages\Layers_1and2\GRAVELxFISH10_colorcontrolON_1vs1e3_TVlossON_1e-3_layers1and2.png,735.1701049804688,58.76316833496094,1.269575834274292,1.583629983513072,11.371023178100586,0.0421385790976877
82,,False,False,DARTER,GRAY,,,C:\Users\alexd\CEFE\Images\StyleTransferImages\Layers_1and2\GRAVELxFISH10_colorcontrolOFF_1vs1e3_TVlossON_1e-3_layers1and2.png,729.86279296875,57.70313262939453,1.3795496225357056,2.0508821435596376,11.37109661102295,0.04124489394155798
83,,False,False,DARTER,GRAY,,,C:\Users\alexd\CEFE\Images\StyleTransferImages\Layers_1and2\GRAVELxFISH04_colorcontrolON_1vs1e3_TVlossON_1e-3_layers1and2.png,741.2590942382812,58.7076301574707,0.9674093723297119,0.7232739465490217,11.37105655670166,0.04298767164555865
84,,False,False,DARTER,GRAY,,,C:\Users\alexd\CEFE\Images\StyleTransferImages\Layers_1and2\GRAVELxFISH04_colorcontrolOFF_1vs1e3_TVlossON_1e-3_layers1and2.png,734.8876953125,57.116172790527344,1.0427958965301514,1.0168587821346051,11.371171951293945,0.04189706162051638
85,,False,False,DARTER,GRAY,,,C:\Users\alexd\CEFE\Images\StyleTransferImages\Layers_1and2\GRAVELxFISH03_colorcontrolON_1vs1e3_TVlossON_1e-3_layers1and2.png,737.8726806640625,58.65837097167969,1.0283011198043823,0.7756717174871164,11.371039390563965,0.042848186351032616
86,,False,False,DARTER,GRAY,,,C:\Users\alexd\CEFE\Images\StyleTransferImages\Layers_1and2\GRAVELxFISH03_colorcontrolOFF_1vs1e3_TVlossON_1e-3_layers1and2.png,733.6491088867188,58.26142501831055,1.1371914148330688,1.163172865818959,11.371050834655762,0.042339480922493976
87,,False,False,DARTER,GRAY,,,C:\Users\alexd\CEFE\Images\StyleTransferImages\Layers_1and2\GRAVELxFISH02_colorcontrolON_1vs1e3_TVlossON_1e-3_layers1and2.png,731.9907836914062,57.48710250854492,1.2802218198776245,1.4542818929706263,11.371129989624023,0.04120459110568099
88,,False,False,DARTER,GRAY,,,C:\Users\alexd\CEFE\Images\StyleTransferImages\Layers_1and2\GRAVELxFISH02_colorcontrolOFF_1vs1e3_TVlossON_1e-3_layers1and2.png,727.4389038085938,57.567291259765625,1.4430878162384033,2.138607769779087,11.371094703674316,0.040856945021703735
89,,False,False,DARTER,GRAY,,,C:\Users\alexd\CEFE\Images\StyleTransferImages\Layers_1and2\GRAVELxFISH01_colorcontrolON_1vs1e3_TVlossON_1e-3_layers1and2.png,732.44091796875,58.640228271484375,1.3193187713623047,1.5812055956543478,11.371017456054688,0.04200156929370705
90,,False,False,DARTER,GRAY,,,C:\Users\alexd\CEFE\Images\StyleTransferImages\Layers_1and2\GRAVELxFISH01_colorcontrolOFF_1vs1e3_TVlossON_1e-3_layers1and2.png,728.514404296875,58.25140380859375,1.4237275123596191,2.017038764340695,11.371031761169434,0.04151174035875268
91,,False,False,DARTER,GRAY,,,C:\Users\alexd\CEFE\Images\StyleTransferImages\Layers_1and2\DETRITUSxFISH10_colorcontrolON_1vs1e3_TVlossON_1e-3_layers1and2.png,742.0402221679688,66.65149688720703,0.9977631568908691,-0.11082870306169479,11.370193481445312,0.048268209719752556
92,,False,False,DARTER,GRAY,,,C:\Users\alexd\CEFE\Images\StyleTransferImages\Layers_1and2\DETRITUSxFISH10_colorcontrolOFF_1vs1e3_TVlossON_1e-3_layers1and2.png,735.1319580078125,62.392913818359375,1.0502561330795288,0.05017587669983525,11.370615005493164,0.045386563042714254
93,,False,False,DARTER,GRAY,,,C:\Users\alexd\CEFE\Images\StyleTransferImages\Layers_1and2\DETRITUSxFISH04_colorcontrolON_1vs1e3_TVlossON_1e-3_layers1and2.png,744.8517456054688,66.40160369873047,0.8891305923461914,-0.42691254835187076,11.37024211883545,0.04827355370120029
94,,False,False,DARTER,GRAY,,,C:\Users\alexd\CEFE\Images\StyleTransferImages\Layers_1and2\DETRITUSxFISH04_colorcontrolOFF_1vs1e3_TVlossON_1e-3_layers1and2.png,737.0823364257812,61.90660858154297,0.942000150680542,-0.273592883714906,11.370678901672363,0.04525396086593863
95,,False,False,DARTER,GRAY,,,C:\Users\alexd\CEFE\Images\StyleTransferImages\Layers_1and2\DETRITUSxFISH03_colorcontrolON_1vs1e3_TVlossON_1e-3_layers1and2.png,742.17578125,66.28816986083984,0.8977274298667908,-0.5032043455793107,11.370227813720703,0.04802860544321781
96,,False,False,DARTER,GRAY,,,C:\Users\alexd\CEFE\Images\StyleTransferImages\Layers_1and2\DETRITUSxFISH03_colorcontrolOFF_1vs1e3_TVlossON_1e-3_layers1and2.png,736.6126098632812,62.69205856323242,0.953295886516571,-0.3303294542501187,11.370588302612305,0.045542572657622876
97,,False,False,DARTER,GRAY,,,C:\Users\alexd\CEFE\Images\StyleTransferImages\Layers_1and2\DETRITUSxFISH02_colorcontrolON_1vs1e3_TVlossON_1e-3_layers1and2.png,739.6722412109375,65.04349517822266,1.0861804485321045,0.10460738304889139,11.370366096496582,0.04664452205543308
98,,False,False,DARTER,GRAY,,,C:\Users\alexd\CEFE\Images\StyleTransferImages\Layers_1and2\DETRITUSxFISH02_colorcontrolOFF_1vs1e3_TVlossON_1e-3_layers1and2.png,733.5979614257812,61.99040985107422,1.1645498275756836,0.3342872828610073,11.370657920837402,0.044448957375295924
99,,False,False,DARTER,GRAY,,,C:\Users\alexd\CEFE\Images\StyleTransferImages\Layers_1and2\DETRITUSxFISH01_colorcontrolON_1vs1e3_TVlossON_1e-3_layers1and2.png,752.2863159179688,60.005367279052734,0.848893940448761,0.23982864323859276,11.371004104614258,0.04396012216866501
100,,False,False,DARTER,GRAY,,,C:\Users\alexd\CEFE\Images\StyleTransferImages\Layers_1and2\DETRITUSxFISH01_colorcontrolOFF_1vs1e3_TVlossON_1e-3_layers1and2.png,745.3743896484375,55.535064697265625,0.8186319470405579,0.20190919287811582,11.371397018432617,0.04115666930097649
101,,False,False,DARTER,GRAY,,,C:\Users\alexd\CEFE\Images\StyleTransferImages\Layers_1and2\BOULDERxSANDxFISH10_colorcontrolON_1vs1e3_TVlossON_1e-3_layers1and2.png,695.219482421875,77.69044494628906,0.9102948904037476,0.540344372498339,11.368049621582031,0.061049555128069116
102,,False,False,DARTER,GRAY,,,C:\Users\alexd\CEFE\Images\StyleTransferImages\Layers_1and2\BOULDERxSANDxFISH10_colorcontrolOFF_1vs1e3_TVlossON_1e-3_layers1and2.png,688.9249267578125,76.11067962646484,0.9707159996032715,0.7816263638828183,11.368196487426758,0.06004748762159994
103,,False,False,DARTER,GRAY,,,C:\Users\alexd\CEFE\Images\StyleTransferImages\Layers_1and2\BOULDERxSANDxFISH04_colorcontrolON_1vs1e3_TVlossON_1e-3_layers1and2.png,702.5778198242188,80.51995849609375,0.6005015969276428,-0.022845538546362842,11.367667198181152,0.06390657516522205
104,,False,False,DARTER,GRAY,,,C:\Users\alexd\CEFE\Images\StyleTransferImages\Layers_1and2\BOULDERxSANDxFISH04_colorcontrolOFF_1vs1e3_TVlossON_1e-3_layers1and2.png,695.2296142578125,78.25875854492188,0.619865357875824,0.05301757098286819,11.367897987365723,0.06265458048365237
105,,False,False,DARTER,GRAY,,,C:\Users\alexd\CEFE\Images\StyleTransferImages\Layers_1and2\BOULDERxSANDxFISH03_colorcontrolON_1vs1e3_TVlossON_1e-3_layers1and2.png,701.35546875,79.83382415771484,0.560452938079834,-0.0412625224664076,11.367743492126465,0.06339687138407848
106,,False,False,DARTER,GRAY,,,C:\Users\alexd\CEFE\Images\StyleTransferImages\Layers_1and2\BOULDERxSANDxFISH03_colorcontrolOFF_1vs1e3_TVlossON_1e-3_layers1and2.png,696.0348510742188,78.71003723144531,0.5790309309959412,0.03798732957946749,11.367829322814941,0.06285719849043217
107,,False,False,DARTER,GRAY,,,C:\Users\alexd\CEFE\Images\StyleTransferImages\Layers_1and2\BOULDERxSANDxFISH02_colorcontrolON_1vs1e3_TVlossON_1e-3_layers1and2.png,692.414794921875,76.61616516113281,1.0305864810943604,0.8943461358386493,11.368191719055176,0.059439380415823195
108,,False,False,DARTER,GRAY,,,C:\Users\alexd\CEFE\Images\StyleTransferImages\Layers_1and2\BOULDERxSANDxFISH02_colorcontrolOFF_1vs1e3_TVlossON_1e-3_layers1and2.png,686.7870483398438,75.54658508300781,1.0911716222763062,1.0994536749907446,11.368270874023438,0.05874521921031106
109,,False,False,DARTER,GRAY,,,C:\Users\alexd\CEFE\Images\StyleTransferImages\Layers_1and2\BOULDERxSANDxFISH01_colorcontrolON_1vs1e3_TVlossON_1e-3_layers1and2.png,695.5140991210938,76.60741424560547,0.8063009977340698,0.6011312646122957,11.368196487426758,0.06030653315209132
110,,False,False,DARTER,GRAY,,,C:\Users\alexd\CEFE\Images\StyleTransferImages\Layers_1and2\BOULDERxSANDxFISH01_colorcontrolOFF_1vs1e3_TVlossON_1e-3_layers1and2.png,690.5921630859375,75.82318878173828,0.8491153717041016,0.7769798962320009,11.368241310119629,0.059901785000739595
111,,False,False,DARTER,GRAY,,,C:\Users\alexd\CEFE\Images\StyleTransferImages\Layers_1and2\BOULDERxFISH10_colorcontrolON_1vs1e3_TVlossON_1e-3_layers1and2.png,684.7760620117188,73.77030944824219,1.1920535564422607,1.6253760313206085,11.368522644042969,0.05690326143027475
112,,False,False,DARTER,GRAY,,,C:\Users\alexd\CEFE\Images\StyleTransferImages\Layers_1and2\BOULDERxFISH10_colorcontrolOFF_1vs1e3_TVlossON_1e-3_layers1and2.png,679.904296875,72.69906616210938,1.2319843769073486,1.8427460579742618,11.368611335754395,0.056247359676560776
113,,False,False,DARTER,GRAY,,,C:\Users\alexd\CEFE\Images\StyleTransferImages\Layers_1and2\BOULDERxFISH04_colorcontrolON_1vs1e3_TVlossON_1e-3_layers1and2.png,689.8397216796875,76.12325286865234,0.9153172373771667,0.7129039990400892,11.368197441101074,0.05964180433268447
114,,False,False,DARTER,GRAY,,,C:\Users\alexd\CEFE\Images\StyleTransferImages\Layers_1and2\BOULDERxFISH04_colorcontrolOFF_1vs1e3_TVlossON_1e-3_layers1and2.png,684.02392578125,74.48709869384766,0.9183952212333679,0.8043493147465193,11.368350982666016,0.05877783733597209
115,,False,False,DARTER,GRAY,,,C:\Users\alexd\CEFE\Images\StyleTransferImages\Layers_1and2\BOULDERxFISH03_colorcontrolON_1vs1e3_TVlossON_1e-3_layers1and2.png,690.4364624023438,75.94640350341797,0.7819098830223083,0.6066096604638704,11.368206024169922,0.05977462535995829
116,,False,False,DARTER,GRAY,,,C:\Users\alexd\CEFE\Images\StyleTransferImages\Layers_1and2\BOULDERxFISH03_colorcontrolOFF_1vs1e3_TVlossON_1e-3_layers1and2.png,686.3858642578125,74.96166229248047,0.7605496048927307,0.6342559886335448,11.368284225463867,0.059358202658175624
117,,False,False,DARTER,GRAY,,,C:\Users\alexd\CEFE\Images\StyleTransferImages\Layers_1and2\BOULDERxFISH02_colorcontrolON_1vs1e3_TVlossON_1e-3_layers1and2.png,684.6036987304688,72.00588989257812,1.084566354751587,1.6264054583923677,11.368759155273438,0.055477077690978545
118,,False,False,DARTER,GRAY,,,C:\Users\alexd\CEFE\Images\StyleTransferImages\Layers_1and2\BOULDERxFISH02_colorcontrolOFF_1vs1e3_TVlossON_1e-3_layers1and2.png,680.2514038085938,71.78465270996094,1.1231764554977417,1.8791878475963193,11.368730545043945,0.05534079288343932
119,,False,False,DARTER,GRAY,,,C:\Users\alexd\CEFE\Images\StyleTransferImages\Layers_1and2\BOULDERxFISH01_colorcontrolON_1vs1e3_TVlossON_1e-3_layers1and2.png,685.0083618164062,72.1738052368164,1.0191912651062012,1.3769379627282001,11.368730545043945,0.05659042934453152
120,,False,False,DARTER,GRAY,,,C:\Users\alexd\CEFE\Images\StyleTransferImages\Layers_1and2\BOULDERxFISH01_colorcontrolOFF_1vs1e3_TVlossON_1e-3_layers1and2.png,681.4012451171875,72.03178405761719,1.0611329078674316,1.5721047492471492,11.36870288848877,0.05658148660646789
121,,False,False,DARTER,GRAY,,,C:\Users\alexd\CEFE\Images\StyleTransferImages\HABITAT_images\SAND_Eolmstedi_cropped_3000x1000_middle_tt_resized_div1_5_52A6208defWB.jpg,754.4932861328125,37.907386779785156,0.8416872024536133,0.8572336398184137,14.912878036499023,0.027693932483766042
122,,False,False,DARTER,GRAY,,,C:\Users\alexd\CEFE\Images\StyleTransferImages\HABITAT_images\PLANTS_cropped_3000x1000_middle_tt_resized_div1_5_52A5711defWB.jpg,751.8392944335938,46.554649353027344,0.9880846738815308,1.738221001505888,14.912243843078613,0.03347811114263262
123,,False,False,DARTER,GRAY,,,C:\Users\alexd\CEFE\Images\StyleTransferImages\HABITAT_images\GRAVEL_cropped_3000x1000_middle_tt_resized_div1_5_52A5680defWB.jpg,744.0955810546875,54.76679611206055,0.39992839097976685,-0.36989509375478,14.91142749786377,0.041813517900014
124,,False,False,DARTER,GRAY,,,C:\Users\alexd\CEFE\Images\StyleTransferImages\HABITAT_images\GRAVELxFLOOR_cropped_3000x1000_middle_tt_resized_div1_5_52A5809defWB.jpg,722.4654541015625,62.32101058959961,0.2913195490837097,-0.24271893845470904,14.910420417785645,0.048969578228592804
125,,False,False,DARTER,GRAY,,,C:\Users\alexd\CEFE\Images\StyleTransferImages\HABITAT_images\GRAVELxALGAE_cropped_3000x1000_middle_tt_resized_div1_5_52A5807defWB.jpg,753.9503173828125,56.16971969604492,-0.021594280377030373,-0.42511163808337127,14.911334037780762,0.04240615423883039
126,,False,False,DARTER,GRAY,,,C:\Users\alexd\CEFE\Images\StyleTransferImages\HABITAT_images\DETRITUS_cropped_3000x1000_middle_tt_resized_div1_5_52A7724defWB.jpg,759.1160278320312,46.72886276245117,-0.08412576466798782,-0.7465950816209985,14.912225723266602,0.03526169266530007
127,,False,False,DARTER,GRAY,,,C:\Users\alexd\CEFE\Images\StyleTransferImages\HABITAT_images\BOULDER_cropped_3000x1000_middle_tt_resized_div1_5_52A5691defWB.jpg,692.078369140625,78.08171081542969,0.49810531735420227,-0.3953876563223617,14.907832145690918,0.06394695495131919
128,,False,False,DARTER,GRAY,,,C:\Users\alexd\CEFE\Images\StyleTransferImages\HABITAT_images\BOULDERxSAND_Eolmstedi_cropped_3000x1000_middle_tt_resized_div1_5_52A6174defWB.jpg,702.4168701171875,80.1134262084961,0.3001822829246521,-0.3653008364782102,14.907658576965332,0.06475048762606832
129,,False,False,DARTER,GRAY,,,C:\Users\alexd\CEFE\Images\StyleTransferImages\FISH_images\FISH10_cropped_3000x1000_CAER_REDR_M10.jpg,600.1183471679688,50.009517669677734,0.962346613407135,0.9220351097266093,14.910724639892578,0.045610441385955
130,,False,False,DARTER,GRAY,,,C:\Users\alexd\CEFE\Images\StyleTransferImages\FISH_images\FISH09_cropped_3000x1000_CAER_REDR_M09.jpg,587.3328247070312,40.84092712402344,0.9949902296066284,1.7212644128824932,14.911759376525879,0.0378051120410039
131,,False,False,DARTER,GRAY,,,C:\Users\alexd\CEFE\Images\StyleTransferImages\FISH_images\FISH08_cropped_3000x1000_CAER_REDR_M08.jpg,637.9104614257812,55.15824890136719,0.7160041332244873,0.2269907263346873,14.910445213317871,0.04804636795270889
132,,False,False,DARTER,GRAY,,,C:\Users\alexd\CEFE\Images\StyleTransferImages\FISH_images\FISH07_cropped_3000x1000_CAER_REDR_M07.jpg,644.8533935546875,53.07245635986328,0.5721293091773987,-0.054854034262068474,14.910780906677246,0.0461396991995005
133,,False,False,DARTER,GRAY,,,C:\Users\alexd\CEFE\Images\StyleTransferImages\FISH_images\FISH06_cropped_3000x1000_CAER_REDR_M06.jpg,595.3534545898438,43.81576919555664,1.0555424690246582,1.9997205589060316,14.911473274230957,0.03953448520929316
134,,False,False,DARTER,GRAY,,,C:\Users\alexd\CEFE\Images\StyleTransferImages\FISH_images\FISH04_cropped_3000x1000_CAER_REDR_M04.jpg,610.3826904296875,57.72642517089844,1.0372134447097778,0.9360085676799561,14.909781455993652,0.051236847877301046
135,,False,False,DARTER,GRAY,,,C:\Users\alexd\CEFE\Images\StyleTransferImages\FISH_images\FISH03_cropped_3000x1000_CAER_REDR_M03.jpg,652.6978149414062,65.38936614990234,0.6580350995063782,-0.12733273953399715,14.909189224243164,0.05608374752426708
136,,False,False,DARTER,GRAY,,,C:\Users\alexd\CEFE\Images\StyleTransferImages\FISH_images\FISH02_cropped_3000x1000_CAER_REDR_M02.jpg,636.6118774414062,61.89804458618164,0.8536914587020874,0.39294217687876465,14.90950870513916,0.05367318330194704
137,,False,False,DARTER,GRAY,,,C:\Users\alexd\CEFE\Images\StyleTransferImages\FISH_images\FISH01_cropped_3000x1000_CAER_REDR_M01.jpg,644.2714233398438,62.38987350463867,0.8088341355323792,0.21882894156365618,14.909534454345703,0.05368206544502941
138,,False,False,DARTER,GRAY,,,C:\Users\alexd\CEFE\Images\StyleTransferImages\All_layers\SANDxFISH10_colorcontrolON_1vs1e3_TVlossON_1e-3.png,738.6107788085938,58.805912017822266,1.2944446802139282,0.906682014765309,11.371051788330078,0.04165381735675183
139,,False,False,DARTER,GRAY,,,C:\Users\alexd\CEFE\Images\StyleTransferImages\All_layers\SANDxFISH10_colorcontrolOFF_1vs1e3_TVlossON_1e-3.png,732.1631469726562,56.13273620605469,1.360641598701477,1.1590392501401814,11.371275901794434,0.039809966294716684
140,,False,False,DARTER,GRAY,,,C:\Users\alexd\CEFE\Images\StyleTransferImages\All_layers\SANDxFISH04_colorcontrolON_1vs1e3_TVlossON_1e-3.png,742.2032470703125,58.696407318115234,1.1542142629623413,0.4710052331261019,11.371081352233887,0.04201435958767135
141,,False,False,DARTER,GRAY,,,C:\Users\alexd\CEFE\Images\StyleTransferImages\All_layers\SANDxFISH04_colorcontrolOFF_1vs1e3_TVlossON_1e-3.png,734.810302734375,55.50389862060547,1.202504277229309,0.6429975314635237,11.37134838104248,0.03993484155412886
142,,False,False,DARTER,GRAY,,,C:\Users\alexd\CEFE\Images\StyleTransferImages\All_layers\SANDxFISH03_colorcontrolON_1vs1e3_TVlossON_1e-3.png,741.4017333984375,57.70753860473633,1.1110926866531372,0.37412172755204764,11.371171951293945,0.04148057450182991
143,,False,False,DARTER,GRAY,,,C:\Users\alexd\CEFE\Images\StyleTransferImages\All_layers\SANDxFISH03_colorcontrolOFF_1vs1e3_TVlossON_1e-3.png,735.9451293945312,55.369285583496094,1.1404458284378052,0.4517716139673231,11.371365547180176,0.03995504938163116
144,,False,False,DARTER,GRAY,,,C:\Users\alexd\CEFE\Images\StyleTransferImages\All_layers\SANDxFISH02_colorcontrolON_1vs1e3_TVlossON_1e-3.png,736.3486938476562,59.10459518432617,1.3090033531188965,0.8442120984307846,11.371002197265625,0.041676226691599844
145,,False,False,DARTER,GRAY,,,C:\Users\alexd\CEFE\Images\StyleTransferImages\All_layers\SANDxFISH02_colorcontrolOFF_1vs1e3_TVlossON_1e-3.png,730.57080078125,57.25086975097656,1.3766826391220093,1.075052705547396,11.371150970458984,0.04033831430814009
146,,False,False,DARTER,GRAY,,,C:\Users\alexd\CEFE\Images\StyleTransferImages\All_layers\SANDxFISH01_colorcontrolON_1vs1e3_TVlossON_1e-3.png,740.1399536132812,56.21604919433594,1.3062366247177124,0.9797873872430092,11.371325492858887,0.03968491779120608
147,,False,False,DARTER,GRAY,,,C:\Users\alexd\CEFE\Images\StyleTransferImages\All_layers\SANDxFISH01_colorcontrolOFF_1vs1e3_TVlossON_1e-3.png,734.8955688476562,54.40407180786133,1.3703913688659668,1.2225179011163547,11.371467590332031,0.03839195046116336
148,,False,False,DARTER,GRAY,,,C:\Users\alexd\CEFE\Images\StyleTransferImages\All_layers\PLANTSxFISH10_colorcontrolON_1vs1e3_TVlossON_1e-3.png,736.0810546875,60.06887435913086,1.4667576551437378,1.5722288552294588,11.37091064453125,0.041862305052025546
149,,False,False,DARTER,GRAY,,,C:\Users\alexd\CEFE\Images\StyleTransferImages\All_layers\PLANTSxFISH10_colorcontrolOFF_1vs1e3_TVlossON_1e-3.png,730.2102661132812,58.876773834228516,1.5915850400924683,2.115611017301699,11.37099552154541,0.04078877230134272
150,,False,False,DARTER,GRAY,,,C:\Users\alexd\CEFE\Images\StyleTransferImages\All_layers\PLANTSxFISH04_colorcontrolON_1vs1e3_TVlossON_1e-3.png,740.3985595703125,62.46791076660156,1.2836796045303345,0.882874111554862,11.370676040649414,0.04422818541059022
151,,False,False,DARTER,GRAY,,,C:\Users\alexd\CEFE\Images\StyleTransferImages\All_layers\PLANTSxFISH04_colorcontrolOFF_1vs1e3_TVlossON_1e-3.png,733.5321044921875,60.23762130737305,1.3542747497558594,1.1212077100857956,11.370863914489746,0.042675951216633604
152,,False,False,DARTER,GRAY,,,C:\Users\alexd\CEFE\Images\StyleTransferImages\All_layers\PLANTSxFISH03_colorcontrolON_1vs1e3_TVlossON_1e-3.png,740.7022705078125,60.721229553222656,1.1310478448867798,0.536764889329552,11.370854377746582,0.043778638818389566
153,,False,False,DARTER,GRAY,,,C:\Users\alexd\CEFE\Images\StyleTransferImages\All_layers\PLANTSxFISH03_colorcontrolOFF_1vs1e3_TVlossON_1e-3.png,735.8274536132812,59.83332061767578,1.2069720029830933,0.7546274433378026,11.37091064453125,0.04303693912172661
154,,False,False,DARTER,GRAY,,,C:\Users\alexd\CEFE\Images\StyleTransferImages\All_layers\PLANTSxFISH02_colorcontrolON_1vs1e3_TVlossON_1e-3.png,738.0701904296875,60.460716247558594,1.3247299194335938,1.0283524349110253,11.370875358581543,0.04270093485081706
155,,False,False,DARTER,GRAY,,,C:\Users\alexd\CEFE\Images\StyleTransferImages\All_layers\PLANTSxFISH02_colorcontrolOFF_1vs1e3_TVlossON_1e-3.png,732.5912475585938,60.05680465698242,1.4331766366958618,1.3893117572528917,11.370880126953125,0.04214258573635348
156,,False,False,DARTER,GRAY,,,C:\Users\alexd\CEFE\Images\StyleTransferImages\All_layers\PLANTSxFISH01_colorcontrolON_1vs1e3_TVlossON_1e-3.png,738.795654296875,58.355648040771484,1.3459287881851196,1.3722373801854877,11.371100425720215,0.04130657160712478
157,,False,False,DARTER,GRAY,,,C:\Users\alexd\CEFE\Images\StyleTransferImages\All_layers\PLANTSxFISH01_colorcontrolOFF_1vs1e3_TVlossON_1e-3.png,734.0177612304688,58.053382873535156,1.4744664430618286,1.85514361079142,11.371103286743164,0.04076535498531919
158,,False,False,DARTER,GRAY,,,C:\Users\alexd\CEFE\Images\StyleTransferImages\All_layers\GRAVELxFISH10_colorcontrolON_1vs1e3_TVlossON_1e-3.png,733.9843139648438,59.772212982177734,1.317548155784607,1.4291548536424443,11.37091064453125,0.04286176086857235
159,,False,False,DARTER,GRAY,,,C:\Users\alexd\CEFE\Images\StyleTransferImages\All_layers\GRAVELxFISH10_colorcontrolOFF_1vs1e3_TVlossON_1e-3.png,728.365966796875,58.913639068603516,1.4185664653778076,1.8500082936875382,11.37096118927002,0.042141089278751154
160,,False,False,DARTER,GRAY,,,C:\Users\alexd\CEFE\Images\StyleTransferImages\All_layers\GRAVELxFISH04_colorcontrolON_1vs1e3_TVlossON_1e-3.png,736.549560546875,61.473602294921875,1.2203608751296997,0.964918750796457,11.370743751525879,0.04426611722576089
161,,False,False,DARTER,GRAY,,,C:\Users\alexd\CEFE\Images\StyleTransferImages\All_layers\GRAVELxFISH04_colorcontrolOFF_1vs1e3_TVlossON_1e-3.png,730.1264038085938,60.01377487182617,1.2867350578308105,1.232889853822864,11.370848655700684,0.043304104884261986
162,,False,False,DARTER,GRAY,,,C:\Users\alexd\CEFE\Images\StyleTransferImages\All_layers\GRAVELxFISH03_colorcontrolON_1vs1e3_TVlossON_1e-3.png,734.9615478515625,60.96527862548828,1.1459423303604126,0.7689030663802878,11.370779037475586,0.04428827156231191
163,,False,False,DARTER,GRAY,,,C:\Users\alexd\CEFE\Images\StyleTransferImages\All_layers\GRAVELxFISH03_colorcontrolOFF_1vs1e3_TVlossON_1e-3.png,730.5499267578125,60.63423156738281,1.2165603637695312,0.9905232544698874,11.370779991149902,0.043972389358510264
164,,False,False,DARTER,GRAY,,,C:\Users\alexd\CEFE\Images\StyleTransferImages\All_layers\GRAVELxFISH02_colorcontrolON_1vs1e3_TVlossON_1e-3.png,731.5125122070312,60.56697082519531,1.3553160429000854,1.3391174964567503,11.370809555053711,0.04316481825691167
165,,False,False,DARTER,GRAY,,,C:\Users\alexd\CEFE\Images\StyleTransferImages\All_layers\GRAVELxFISH02_colorcontrolOFF_1vs1e3_TVlossON_1e-3.png,726.5682373046875,60.55420684814453,1.4500234127044678,1.6823044154927436,11.370773315429688,0.04295494955072293
166,,False,False,DARTER,GRAY,,,C:\Users\alexd\CEFE\Images\StyleTransferImages\All_layers\GRAVELxFISH01_colorcontrolON_1vs1e3_TVlossON_1e-3.png,734.4859619140625,59.26155090332031,1.1875078678131104,1.068992686744644,11.37096118927002,0.04309448135711254
167,,False,False,DARTER,GRAY,,,C:\Users\alexd\CEFE\Images\StyleTransferImages\All_layers\GRAVELxFISH01_colorcontrolOFF_1vs1e3_TVlossON_1e-3.png,730.080078125,59.12581253051758,1.2950011491775513,1.4731371460188445,11.37094497680664,0.04279532844292771
168,,False,False,DARTER,GRAY,,,C:\Users\alexd\CEFE\Images\StyleTransferImages\All_layers\DETRITUSxFISH10_colorcontrolON_1vs1e3_TVlossON_1e-3.png,736.5055541992188,68.1636962890625,1.1776480674743652,0.17773814432379265,11.369977951049805,0.048346291061308805
169,,False,False,DARTER,GRAY,,,C:\Users\alexd\CEFE\Images\StyleTransferImages\All_layers\DETRITUSxFISH10_colorcontrolOFF_1vs1e3_TVlossON_1e-3.png,729.5933227539062,64.33511352539062,1.2153106927871704,0.30100271911692733,11.370359420776367,0.04588552591415194
170,,False,False,DARTER,GRAY,,,C:\Users\alexd\CEFE\Images\StyleTransferImages\All_layers\DETRITUSxFISH04_colorcontrolON_1vs1e3_TVlossON_1e-3.png,737.1005859375,69.641845703125,1.1066856384277344,-0.08089858125307492,11.369797706604004,0.04953351598291176
171,,False,False,DARTER,GRAY,,,C:\Users\alexd\CEFE\Images\StyleTransferImages\All_layers\DETRITUSxFISH04_colorcontrolOFF_1vs1e3_TVlossON_1e-3.png,729.5155029296875,65.30572509765625,1.144080400466919,0.06118747338572783,11.370240211486816,0.04681034816603149
172,,False,False,DARTER,GRAY,,,C:\Users\alexd\CEFE\Images\StyleTransferImages\All_layers\DETRITUSxFISH03_colorcontrolON_1vs1e3_TVlossON_1e-3.png,739.9915771484375,67.01403045654297,0.9818077087402344,-0.33813453599877663,11.370128631591797,0.04833344770653356
173,,False,False,DARTER,GRAY,,,C:\Users\alexd\CEFE\Images\StyleTransferImages\All_layers\DETRITUSxFISH03_colorcontrolOFF_1vs1e3_TVlossON_1e-3.png,734.1522216796875,63.90243148803711,1.0062586069107056,-0.24850785530754793,11.37043285369873,0.04638486673156336
174,,False,False,DARTER,GRAY,,,C:\Users\alexd\CEFE\Images\StyleTransferImages\All_layers\DETRITUSxFISH02_colorcontrolON_1vs1e3_TVlossON_1e-3.png,733.3538818359375,67.62850189208984,1.234054684638977,0.28815857277551915,11.370013236999512,0.0475567736415755
175,,False,False,DARTER,GRAY,,,C:\Users\alexd\CEFE\Images\StyleTransferImages\All_layers\DETRITUSxFISH02_colorcontrolOFF_1vs1e3_TVlossON_1e-3.png,727.27734375,64.99797058105469,1.282364845275879,0.44937699927158725,11.37026596069336,0.045841682139489213
176,,False,False,DARTER,GRAY,,,C:\Users\alexd\CEFE\Images\StyleTransferImages\All_layers\DETRITUSxFISH01_colorcontrolON_1vs1e3_TVlossON_1e-3.png,736.6405029296875,65.6307601928711,1.2513208389282227,0.4092349653748144,11.370285034179688,0.04616460621005711
177,,False,False,DARTER,GRAY,,,C:\Users\alexd\CEFE\Images\StyleTransferImages\All_layers\DETRITUSxFISH01_colorcontrolOFF_1vs1e3_TVlossON_1e-3.png,731.1828002929688,62.78384780883789,1.2916560173034668,0.5640558403548899,11.37055778503418,0.04432231043392374
178,,False,False,DARTER,GRAY,,,C:\Users\alexd\CEFE\Images\StyleTransferImages\All_layers\BOULDERxSANDxFISH10_colorcontrolON_1vs1e3_TVlossON_1e-3.png,687.5856323242188,74.94234466552734,1.3998645544052124,1.3471241500460058,11.368441581726074,0.05633755244817719
179,,False,False,DARTER,GRAY,,,C:\Users\alexd\CEFE\Images\StyleTransferImages\All_layers\BOULDERxSANDxFISH10_colorcontrolOFF_1vs1e3_TVlossON_1e-3.png,681.586669921875,73.46700286865234,1.4903615713119507,1.751720408262214,11.368579864501953,0.05520855628714954
180,,False,False,DARTER,GRAY,,,C:\Users\alexd\CEFE\Images\StyleTransferImages\All_layers\BOULDERxSANDxFISH04_colorcontrolON_1vs1e3_TVlossON_1e-3.png,689.7821044921875,78.03137969970703,1.3398678302764893,0.9883620352793092,11.367999076843262,0.058600022735152316
181,,False,False,DARTER,GRAY,,,C:\Users\alexd\CEFE\Images\StyleTransferImages\All_layers\BOULDERxSANDxFISH04_colorcontrolOFF_1vs1e3_TVlossON_1e-3.png,682.98779296875,75.6357650756836,1.383041262626648,1.1676623045211247,11.36825942993164,0.057091027096273186
182,,False,False,DARTER,GRAY,,,C:\Users\alexd\CEFE\Images\StyleTransferImages\All_layers\BOULDERxSANDxFISH03_colorcontrolON_1vs1e3_TVlossON_1e-3.png,694.3948364257812,79.12359619140625,0.9752443432807922,0.30749335419997115,11.367830276489258,0.061786596424253
183,,False,False,DARTER,GRAY,,,C:\Users\alexd\CEFE\Images\StyleTransferImages\All_layers\BOULDERxSANDxFISH03_colorcontrolOFF_1vs1e3_TVlossON_1e-3.png,689.200439453125,77.86399841308594,0.9983446598052979,0.38934245171654336,11.367939949035645,0.06111865378400447
184,,False,False,DARTER,GRAY,,,C:\Users\alexd\CEFE\Images\StyleTransferImages\All_layers\BOULDERxSANDxFISH02_colorcontrolON_1vs1e3_TVlossON_1e-3.png,688.501953125,76.26277160644531,1.3139011859893799,1.123356866771906,11.368242263793945,0.057723184777354095
185,,False,False,DARTER,GRAY,,,C:\Users\alexd\CEFE\Images\StyleTransferImages\All_layers\BOULDERxSANDxFISH02_colorcontrolOFF_1vs1e3_TVlossON_1e-3.png,682.8079223632812,75.37094116210938,1.3766850233078003,1.3451106866224993,11.368290901184082,0.057099111297106965
186,,False,False,DARTER,GRAY,,,C:\Users\alexd\CEFE\Images\StyleTransferImages\All_layers\BOULDERxSANDxFISH01_colorcontrolON_1vs1e3_TVlossON_1e-3.png,693.0819091796875,76.29285430908203,1.0111041069030762,0.5053792817786262,11.368250846862793,0.0598219716187145
187,,False,False,DARTER,GRAY,,,C:\Users\alexd\CEFE\Images\StyleTransferImages\All_layers\BOULDERxSANDxFISH01_colorcontrolOFF_1vs1e3_TVlossON_1e-3.png,688.0762939453125,75.7343521118164,1.0851242542266846,0.7810711083658148,11.368266105651855,0.05943554360796082
188,,False,False,DARTER,GRAY,,,C:\Users\alexd\CEFE\Images\StyleTransferImages\All_layers\BOULDERxFISH10_colorcontrolON_1vs1e3_TVlossON_1e-3.png,684.0012817382812,73.05657958984375,1.2923977375030518,1.4510905635416655,11.36863899230957,0.0562372976179956
189,,False,False,DARTER,GRAY,,,C:\Users\alexd\CEFE\Images\StyleTransferImages\All_layers\BOULDERxFISH10_colorcontrolOFF_1vs1e3_TVlossON_1e-3.png,678.83154296875,72.31765747070312,1.360575795173645,1.7434224676465515,11.368677139282227,0.05571574853876939
190,,False,False,DARTER,GRAY,,,C:\Users\alexd\CEFE\Images\StyleTransferImages\All_layers\BOULDERxFISH04_colorcontrolON_1vs1e3_TVlossON_1e-3.png,686.0809936523438,74.99031066894531,1.2411316633224487,1.145278786510052,11.368376731872559,0.057483495876355005
191,,False,False,DARTER,GRAY,,,C:\Users\alexd\CEFE\Images\StyleTransferImages\All_layers\BOULDERxFISH04_colorcontrolOFF_1vs1e3_TVlossON_1e-3.png,680.1546020507812,73.48741912841797,1.2524975538253784,1.2360089009538413,11.368507385253906,0.05673437981167065
192,,False,False,DARTER,GRAY,,,C:\Users\alexd\CEFE\Images\StyleTransferImages\All_layers\BOULDERxFISH03_colorcontrolON_1vs1e3_TVlossON_1e-3.png,688.8375244140625,76.2789077758789,0.9435514211654663,0.538275422209924,11.36816692352295,0.05994428902991085
193,,False,False,DARTER,GRAY,,,C:\Users\alexd\CEFE\Images\StyleTransferImages\All_layers\BOULDERxFISH03_colorcontrolOFF_1vs1e3_TVlossON_1e-3.png,684.539794921875,75.39956665039062,0.930299699306488,0.5268931399365324,11.36822509765625,0.05964795270968047
194,,False,False,DARTER,GRAY,,,C:\Users\alexd\CEFE\Images\StyleTransferImages\All_layers\BOULDERxFISH02_colorcontrolON_1vs1e3_TVlossON_1e-3.png,683.9423217773438,73.46311950683594,1.2641345262527466,1.383137052089788,11.368573188781738,0.056454209603199
195,,False,False,DARTER,GRAY,,,C:\Users\alexd\CEFE\Images\StyleTransferImages\All_layers\BOULDERxFISH02_colorcontrolOFF_1vs1e3_TVlossON_1e-3.png,679.1343383789062,73.30538940429688,1.3031500577926636,1.5349215626161588,11.368526458740234,0.05647368028096055
196,,False,False,DARTER,GRAY,,,C:\Users\alexd\CEFE\Images\StyleTransferImages\All_layers\BOULDERxFISH01_colorcontrolON_1vs1e3_TVlossON_1e-3.png,686.9820556640625,73.7456283569336,0.9829837679862976,0.8214333894255725,11.368526458740234,0.05820767532396157
197,,False,False,DARTER,GRAY,,,C:\Users\alexd\CEFE\Images\StyleTransferImages\All_layers\BOULDERxFISH01_colorcontrolOFF_1vs1e3_TVlossON_1e-3.png,682.9835815429688,73.67224884033203,1.029604434967041,1.0113391914292649,11.368480682373047,0.05824735392502918
